Beach Device,Activity,Sed lacinia maximus lacinia,183,7,1
First Aid Equipment,Health,"Nullam viverra elit lectus, ac pellentesque lorem porttitor vulputate",188.95,9,2
Makeup Equipment,Beauty,Pellentesque ornare ipsum sed bibendum mollis,109.99,9,3
Skin Care Widget,Beauty,"Duis felis nulla, bibendum sit amet elementum vitae, vestibulum in justo",45.99,9,4
Outdoors Whatchamacallit,Activity,Vestibulum blandit mi quis leo euismod faucibus,164.99,8,5
Kitchen Gear,Home,In hendrerit dignissim ornare,185.95,1,6
Personal Gadget,Beauty,"Praesent mattis, turpis et blandit sollicitudin, arcu nisl efficitur est, at imperdiet ante magna sit amet metus",126.95,1,7
Camping Equipment,Activity,Aliquam volutpat arcu id justo fringilla posuere,158.99,3,8
Home Improvement Paraphernalia,Home,"Sed sollicitudin, sem non efficitur dictum, dui sapien sagittis neque, a rutrum turpis est eget neque",22.99,0,9
Biking Attachment,Activity,"Donec dictum, tellus vitae fermentum egestas, erat leo tristique orci, ut aliquet lectus massa sed mauris",128,5,10
Outdoors Doodad,Activity,Maecenas ut lorem quis mi tempor finibus at sit amet dolor,169.99,0,11
Music Kit,Entertainment,Aliquam imperdiet bibendum nisi vitae condimentum,161,5,12
Gardening Machine,Home,Cras a mauris sed quam feugiat mollis id eu lorem.,127,4,13
Computer Gear,Electronics,"Orci varius natoque penatibus et magnis dis parturient montes, nascetur ridiculus mus.",195,4,14
Movie Whatchamacallit,Entertainment,"Orci varius natoque penatibus et magnis dis parturient montes, nascetur ridiculus mus",67.99,7,15
Phone Equipment,Electronics,Praesent dictum ac dui a efficitur,145,5,16
Medicine Instrument,Health,"Cras pulvinar ipsum vulputate, hendrerit quam ut, ullamcorper lectus.",122.95,7,17
Camera Kit,Electronics,"Donec tempor lorem ipsum, sed imperdiet sem rhoncus vel",36.95,6,18
Truck Equipment,Automotive,In ac posuere nunc,177.95,9,19
Baby Equipment,Clothing,Integer convallis turpis vitae condimentum tincidunt,138.99,7,20
Technology Gizmo,Electronics,"In ultrices tempus nibh, rutrum dictum quam faucibus quis",130,9,21
First Aid Machine,Health,Suspendisse ornare quis odio eget suscipit,102.99,0,22
Nutrition Doodad,Health,Cras pharetra auctor imperdiet,106.99,1,23
Cleaning Kit,Home,Donec molestie sodales efficitur.,32.99,6,24
Technology Paraphernalia,Electronics,Sed sit amet ex eros,161.95,7,25
Storage Apparatus,Home,"Praesent faucibus, nibh sed convallis lobortis, enim erat gravida ante, ut vehicula quam orci in orci",54,8,26
Storage Equipment,Home,"Quisque nibh odio, posuere sed molestie eu, mollis nec velit",42.95,3,27
Camping Doodad,Activity,"Integer leo nisi, fringilla sed porta non, convallis non mi",109.95,4,28
Technology Apparatus,Electronics,"Cras felis enim, rutrum a imperdiet et, vehicula at metus",61,3,29
Movie Apparatus,Entertainment,"In vitae euismod tortor, sed rutrum lorem",44.95,6,30
Camping Supplies,Activity,"Mauris et libero tincidunt, congue magna ut, gravida dui",75.99,3,31
Camping Item,Activity,Vivamus in est et elit dignissim dignissim,173,3,32
Nutrition Component,Health,"Praesent aliquam tellus lobortis arcu rutrum, ac tincidunt arcu egestas",194.99,2,33
Beach Tool,Activity,"Aenean iaculis iaculis augue, eget rutrum justo aliquet dapibus",174.99,0,34
Bedding Supplies,Home,Etiam tincidunt vestibulum feugiat,100.95,3,35
First Aid Paraphernalia,Health,"Nam malesuada lorem ut lacus tincidunt, id pellentesque velit pulvinar",80.99,0,36
Skin Care Gizmo,Beauty,Phasellus quis erat at sem dignissim tempor eu quis purus,64.99,6,37
Furniture Whatchamacallit,Home,Nunc nec ante et metus malesuada blandit,11.95,3,38
Biking Gear,Activity,Cras venenatis diam in mi sodales commodo,169.99,6,39
Bath Kit,Beauty,Phasellus a malesuada nisl.,60.99,3,40
Personal Kit,Beauty,"Fusce efficitur felis sed dui mollis, euismod vehicula purus eleifend",23.99,4,41
Jewelry Tool,Clothing,Nam vehicula metus et luctus consequat,80.95,4,42
Jewelry Implement,Clothing,"Proin interdum, nibh tincidunt varius facilisis, libero ante maximus urna, nec pulvinar tortor elit in diam",141.95,2,43
Book Machine,Entertainment,Proin id dolor dolor,146.95,0,44
Home Improvement Paraphernalia,Home,"Sed ultrices urna turpis, et tempus dolor dignissim et",95,9,45
Truck Component,Automotive,"Ut venenatis elit quam, eget pulvinar augue finibus sed",43.95,3,46
Skin Care Attachment,Beauty,"Phasellus vitae ullamcorper lectus, non mattis augue",22.99,4,47
Dining Apparatus,Home,Nulla facilisi,171.99,2,48
Home Improvement Machine,Home,Sed mattis eu orci et fringilla,18,8,49
Makeup Whatchamacallit,Beauty,"Etiam ut feugiat magna, ac consectetur eros",86.95,3,50
Outdoors Mechanism,Activity,"Lorem ipsum dolor sit amet, consectetur adipiscing elit",63,0,51
Party Attachment,Entertainment,"Proin auctor urna sed erat lacinia, et aliquam lacus hendrerit",31.99,7,52
Game Machine,Entertainment,Fusce interdum vehicula libero ac blandit,154.99,7,53
Music Tool,Entertainment,"Fusce massa ipsum, ultricies ut commodo vitae, semper sit amet dui",134.95,8,54
Biking Implement,Activity,Vestibulum ante ipsum primis in faucibus orci luctus et ultrices posuere cubilia curae; Nunc ut elementum neque,38.99,4,55
Cat Tool,Pets,Phasellus at ipsum pellentesque metus molestie rutrum,75,5,56
Computer Device,Electronics,Sed placerat urna quis leo sollicitudin efficitur non vitae risus,123.95,2,57
Sports Whatchamacallit,Activity,"Suspendisse eu nunc consequat, tincidunt diam eget, ornare diam",23.95,7,58
Furniture Gear,Home,"Aliquam laoreet leo quam, eu tincidunt dolor consectetur sed",164,0,59
Vitamin Instrument,Health,Donec ut purus lacus,37.99,4,60
Home Improvement Doodad,Home,Phasellus a malesuada nisl.,140.99,5,61
Mens Item,Clothing,Duis facilisis justo eget mauris hendrerit bibendum in eu nulla,75.99,0,62
Bedding Gear,Home,"Cras quam orci, tincidunt quis purus vel, molestie posuere urna",91.95,9,63
Aquarium Component,Pets,Mauris eu malesuada elit,125,7,64
Medicine Implement,Health,"Etiam ut feugiat magna, ac consectetur eros",166.99,9,65
Swimming Kit,Activity,Cras sagittis eu magna et bibendum,127.95,7,66
Cooking Equipment,Home,Maecenas ac enim lectus,182,0,67
Cleaning Contraption,Home,Nulla sagittis turpis id hendrerit tincidunt,166,3,68
Dining Paraphernalia,Home,"Aenean ultricies nisl mauris, ac gravida dolor tempus et",111,2,69
Jewelry Equipment,Clothing,Quisque mattis tortor quis mattis tempus,39.99,1,70
Book Gear,Entertainment,"Praesent elementum nibh vitae metus dignissim, vel suscipit lorem volutpat",64.99,4,71
Nutrition Equipment,Health,Suspendisse potenti,174.99,5,72
Nutrition Widget,Health,"Nullam eleifend nisl sed leo bibendum, quis laoreet massa vestibulum",114.95,5,73
Book Instrument,Entertainment,"Nam venenatis metus nibh, malesuada vestibulum purus consectetur eu",86.99,0,74
Dog Thingamajig,Pets,Proin vel dui et ex interdum dapibus,16.99,6,75
Makeup Accessory,Beauty,Maecenas pharetra id dui eu semper,47.95,0,76
Toy Doodad,Entertainment,Proin accumsan tortor euismod tincidunt fringilla,11.99,8,77
Biking Item,Activity,Fusce at nunc orci,163.95,8,78
Nutrition Thingamajig,Health,"Donec suscipit semper lorem, dapibus auctor lectus dapibus vel",189.95,5,79
Cleaning Accessory,Home,Aenean non sagittis elit,153,6,80
Sports Paraphernalia,Activity,Donec varius augue ut tellus porta interdum sit amet in diam,50,3,81
Beach Device,Activity,Donec eu lorem lectus,69.99,0,82
Movie Device,Entertainment,Aenean hendrerit lorem euismod turpis consectetur cursus,12,3,83
Party Thingamajig,Entertainment,"Sed leo arcu, venenatis quis blandit eu, hendrerit ut arcu",53.99,2,84
Dog Widget,Pets,Nullam ut lorem eu ipsum elementum convallis id sit amet mauris,30.95,9,85
Cleaning Contraption,Home,"Lorem ipsum dolor sit amet, consectetur adipiscing elit",123.99,5,86
Game Thingamajig,Entertainment,Pellentesque vehicula efficitur libero,113,6,87
Outdoors Widget,Activity,"Aenean iaculis iaculis augue, eget rutrum justo aliquet dapibus",39.95,8,88
Dining Supplies,Home,Mauris auctor libero eu hendrerit consectetur,161.99,4,89
Cat Gizmo,Pets,Praesent ut nibh vitae eros vestibulum semper,150.95,6,90
Tire Apparatus,Automotive,"In bibendum scelerisque lectus, sed vulputate diam gravida nec",83.95,5,91
Technology Doodad,Electronics,"In sed nunc suscipit, luctus mauris eu, congue sapien",60.95,0,92
Hair Care Apparatus,Beauty,"Donec blandit eros quis nunc facilisis, eu vestibulum nulla eleifend",126.99,0,93
Toy Widget,Entertainment,"Nunc pharetra lectus odio, non tempus velit dictum et",112,9,94
Computer Whatchamacallit,Electronics,"Quisque tincidunt ligula in est lacinia, non malesuada risus semper",62,9,95
Fitness Rig,Activity,Ut facilisis a massa vitae porttitor,60.95,6,96
Movie Attachment,Entertainment,Curabitur ut interdum nisi,150,9,97
Fitness Mechanism,Activity,Aliquam eleifend sed felis id pharetra,190,4,98
Camping Implement,Activity,Praesent dictum ac dui a efficitur,95.99,2,99
Kids Item,Clothing,Sed accumsan pretium interdum,78,4,100
Gardening Device,Home,Nunc nec felis leo,78,1,101
Hair Care Gadget,Beauty,"Nulla sollicitudin enim in nibh venenatis, in cursus dui hendrerit",120.95,0,102
Dining Device,Home,Quisque nec imperdiet lectus,77.95,6,103
Hair Care Machine,Beauty,"Fusce ante justo, pharetra non scelerisque id, interdum at enim",51.99,2,104
Phone Supplies,Electronics,"Proin sapien tortor, fermentum eu ante vel, faucibus euismod tellus",33,9,105
Nutrition Gadget,Health,In sed lacus ac mi placerat congue,75.99,9,106
Medicine Component,Health,Nam commodo pulvinar augue vel euismod,177,3,107
Car Doodad,Automotive,"Nullam eget placerat ligula, quis tempus orci",94.95,5,108
Skin Care Supplies,Beauty,Cras nec turpis eu enim vestibulum condimentum eu eget nunc,157,4,109
Camera Component,Electronics,Nullam sit amet augue vitae orci tempus rhoncus.,109,8,110
Aquarium Item,Pets,Sed lacinia maximus lacinia,120,6,111
Storage Thingamajig,Home,Vestibulum lacinia massa nec viverra vulputate,68.99,9,112
Party Doodad,Entertainment,"Suspendisse elementum magna mauris, vitae vestibulum orci porttitor quis",22.99,5,113
Hair Care Rig,Beauty,Nulla et lectus tellus,41.99,9,114
Home Improvement Device,Home,In gravida ligula in sapien blandit volutpat,140.95,0,115
Jewelry Thingamajig,Clothing,Nulla ac libero felis,177,5,116
Technology Rig,Electronics,Sed vel rhoncus tellus,136,0,117
Baby Mechanism,Clothing,Morbi imperdiet dui vestibulum dolor tincidunt mattis ac ut diam,61,3,118
Personal Accessory,Beauty,Proin semper efficitur nulla nec egestas,13.99,9,119
Storage Supplies,Home,Fusce eget orci non sapien gravida sagittis,166.95,5,120
Bath Tool,Beauty,"Vivamus facilisis ornare justo, sed faucibus quam ornare ac",196.95,7,121
Mens Tool,Clothing,"Aliquam sagittis ornare neque, sed fermentum nisi cursus ut",103,1,122
Engine Tool,Automotive,Aliquam quis euismod felis,60.95,2,123
Medicine Component,Health,Aliquam eleifend sed felis id pharetra,79.99,2,124
Cleaning Mechanism,Home,Sed eu dignissim diam,74,1,125
Fitness Implement,Activity,"Nunc ut ultrices orci, in lacinia velit",126.95,9,126
Phone Device,Electronics,"Etiam sodales, nisi eu tincidunt lacinia, massa lectus mollis ligula, eget rutrum enim nibh ac nulla",127.95,3,127
Kitchen Tool,Home,Mauris ornare convallis sem in dictum,167.99,1,128
Furniture Item,Home,"Maecenas posuere, tortor at condimentum volutpat, nisl odio pulvinar sapien, et vehicula nunc urna at tortor.",59,7,129
Womens Whatchamacallit,Clothing,Fusce posuere at libero quis consequat,69.95,0,130
Book Apparatus,Entertainment,Ut tempor risus eget nisi suscipit porta,163.99,1,131
Dog Rig,Pets,Integer egestas augue quis sodales dictum.,52.95,3,132
Engine Widget,Automotive,Praesent vitae maximus quam,145.99,7,133
Computer Gizmo,Electronics,"Nam augue augue, pharetra non sagittis in, convallis vitae lectus",40,9,134
Skin Care Paraphernalia,Beauty,"Etiam volutpat lacus diam, in elementum erat pharetra eget",171.99,0,135
Toy Device,Entertainment,"Praesent elementum nibh vitae metus dignissim, vel suscipit lorem volutpat",121.95,4,136
Engine Gadget,Automotive,"Nullam gravida, leo a placerat bibendum, lacus nulla maximus magna, eu efficitur lorem felis ac lectus",176.99,3,137
Vitamin Supplies,Health,"Integer sem mauris, viverra non ligula sagittis, consectetur pharetra tortor",195.95,2,138
Bath Mechanism,Beauty,"Suspendisse sodales tempor odio, quis luctus massa gravida ac",135.95,6,139
Storage Paraphernalia,Home,"Suspendisse velit nibh, finibus at elit sit amet, blandit condimentum leo",156.99,5,140
Game Thingamajig,Entertainment,"Sed eu felis pretium, tincidunt risus quis, tempus lorem",198.95,0,141
Skin Care Tool,Beauty,Ut et enim sit amet nunc pulvinar sagittis sit amet nec elit,128.99,4,142
Sports Kit,Activity,Praesent quis nisl congue dui pretium tempor,172.99,4,143
Computer Item,Electronics,"Class aptent taciti sociosqu ad litora torquent per conubia nostra, per inceptos himenaeos",66.95,6,144
Medicine Accessory,Health,"Suspendisse posuere, risus nec suscipit laoreet, tellus dui imperdiet ligula, efficitur elementum leo orci vitae nisl",169.95,8,145
Storage Rig,Home,"Donec quis gravida lorem, vel ornare nunc",74,9,146
Cat Kit,Pets,Donec sed tempus velit,85.95,1,147
Skin Care Equipment,Beauty,"Quisque nibh odio, posuere sed molestie eu, mollis nec velit",123.99,8,148
Mens Gadget,Clothing,In eu interdum sapien,105.99,9,149
Truck Gadget,Automotive,Ut rhoncus malesuada eleifend,156.99,4,150
Computer Machine,Electronics,Nunc pulvinar dui eu vulputate sagittis,142,2,151
Makeup Rig,Beauty,"Proin mi magna, venenatis eu sagittis vel, porttitor vel velit",43.95,4,152
First Aid Equipment,Health,"Aenean ultricies nisl mauris, ac gravida dolor tempus et",116.95,3,153
Tire Gear,Automotive,"Integer interdum turpis ex, in vehicula magna consequat auctor",61.95,5,154
Engine Machine,Automotive,Aliquam imperdiet bibendum nisi vitae condimentum,27.95,1,155
Aquarium Gizmo,Pets,"Nunc pharetra, tortor eu placerat sagittis, ligula eros gravida neque, luctus interdum purus ipsum et diam",195,8,156
Medicine Device,Health,"Aliquam elementum aliquet nulla, posuere venenatis nisi laoreet at",126.95,3,157
Furniture Gizmo,Home,Donec tincidunt ornare metus,199.99,9,158
Biking Doodad,Activity,"Suspendisse eget facilisis nibh, nec sollicitudin massa",134.95,7,159
Engine Paraphernalia,Automotive,"Donec purus arcu, convallis eget eros dapibus, euismod malesuada diam",85.95,2,160
Hair Care Gear,Beauty,"Fusce lorem est, molestie ut dictum id, pretium vel odio",41,7,161
Fitness Device,Activity,Donec sit amet rutrum lacus,76.95,2,162
Medicine Mechanism,Health,Fusce convallis consequat sodales,100,0,163
Tire Thingamajig,Automotive,"In vitae justo aliquam, molestie dui eu, varius odio",197.95,8,164
Furniture Mechanism,Home,Praesent ac nulla et nibh fringilla ultricies,186.99,0,165
Beach Mechanism,Activity,Etiam tristique ex sit amet justo tristique scelerisque,146,1,166
Jewelry Gizmo,Clothing,"Sed leo arcu, venenatis quis blandit eu, hendrerit ut arcu",155.99,2,167
Toy Gizmo,Entertainment,"Vivamus tellus mi, ullamcorper et volutpat sed, consequat quis ipsum",32.95,5,168
Bedding Gizmo,Home,"Nulla ut laoreet massa, pretium tincidunt quam.",160.95,5,169
Outdoors Tool,Activity,Integer accumsan rutrum risus vel dictum,145.99,8,170
Bath Attachment,Beauty,Integer posuere nulla egestas dignissim faucibus,134.99,4,171
Camera Gadget,Electronics,Nulla facilisi,31.95,3,172
Baby Gear,Clothing,Phasellus rutrum lacus quis sagittis pharetra,55.95,5,173
Beach Device,Activity,Phasellus tempus ipsum consequat dui sagittis gravida,26.95,6,174
Engine Rig,Automotive,"Phasellus sit amet hendrerit lectus, non egestas ligula",92.99,3,175
Dining Equipment,Home,"Lorem ipsum dolor sit amet, consectetur adipiscing elit",115.99,7,176
Bedding Item,Home,Nunc tristique elit fringilla arcu condimentum euismod,135.99,2,177
Bedding Gear,Home,Integer viverra hendrerit nisl a vulputate,139,5,178
Vitamin Implement,Health,Morbi ultrices et neque eu suscipit,145.95,7,179
Phone Tool,Electronics,Curabitur vel dignissim nunc,68,3,180
Bath Item,Beauty,"Aliquam vel vulputate eros, eget faucibus elit",151,2,181
Kitchen Accessory,Home,In hac habitasse platea dictumst,37.95,5,182
Furniture Apparatus,Home,Nulla vestibulum maximus justo eget efficitur,48,1,183
Engine Component,Automotive,Nunc rutrum dapibus odio vel efficitur,195,0,184
Engine Gizmo,Automotive,Donec sed enim nulla,142,6,185
Camera Instrument,Electronics,"Praesent vulputate dapibus risus, quis suscipit arcu pellentesque eget",94.95,6,186
Bath Item,Beauty,Morbi aliquet dui id ex efficitur tincidunt,153.95,3,187
Engine Machine,Automotive,"Nam nisl ligula, euismod a turpis sed, ornare commodo odio",181.99,4,188
Mens Instrument,Clothing,"Etiam pharetra mollis ante, eget vestibulum turpis vestibulum vel",50.95,1,189
Outdoors Doodad,Activity,"Donec nulla urna, maximus ut tellus in, accumsan mollis sem.",90.95,2,190
Bedding Apparatus,Home,Nullam sit amet augue vitae orci tempus rhoncus.,34.99,2,191
Computer Whatchamacallit,Electronics,Pellentesque venenatis dignissim felis luctus eleifend.,121.99,0,192
Bedding Supplies,Home,Pellentesque posuere imperdiet maximus,73.95,1,193
Beach Kit,Activity,"Sed aliquam accumsan libero, vitae aliquet metus mattis non",76.95,4,194
Vitamin Gizmo,Health,"In imperdiet purus metus, id condimentum lectus ultricies vel",91,1,195
Kitchen Item,Home,"Aenean dignissim urna et ante ullamcorper, eget finibus lorem feugiat",58,5,196
Home Improvement Supplies,Home,Ut venenatis id orci quis vehicula,97.95,0,197
Movie Widget,Entertainment,Nunc pretium elit non felis placerat placerat,88.99,0,198
Jewelry Attachment,Clothing,Proin id dolor dolor,169.99,1,199
Tire Thingamajig,Automotive,Sed ultrices nunc enim,154.99,0,200
Vitamin Rig,Health,Sed ac commodo ligula,122.95,9,201
Kitchen Contraption,Home,"Fusce elit metus, consequat ut tortor sit amet, porttitor feugiat nisl",33.95,3,202
Kids Whatchamacallit,Clothing,"Suspendisse condimentum velit non purus varius, auctor maximus est aliquam",121.99,8,203
Computer Rig,Electronics,"Nam augue augue, pharetra non sagittis in, convallis vitae lectus",168.95,8,204
Cleaning Doodad,Home,"Nam suscipit felis nunc, in pharetra nibh consectetur in",19.99,4,205
Bath Device,Beauty,"Aliquam venenatis nunc justo, at dignissim arcu bibendum non",172,9,206
Mens Attachment,Clothing,"Donec suscipit semper lorem, dapibus auctor lectus dapibus vel",128.99,4,207
Dining Contraption,Home,Morbi sed mauris tellus,161,2,208
Furniture Gadget,Home,"Aliquam egestas ipsum mauris, et commodo dui consectetur quis",15.95,1,209
Engine Device,Automotive,"Duis convallis ante ipsum, id suscipit sem ultricies quis",174.95,6,210
Storage Attachment,Home,Aliquam erat volutpat,156.95,4,211
Baby Device,Clothing,Curabitur id est egestas neque mattis laoreet vel vitae lectus,174.95,0,212
Computer Thingamajig,Electronics,Vestibulum blandit mi quis leo euismod faucibus,168.95,3,213
Camping Machine,Activity,"Integer lacinia, lacus sed accumsan tristique, nibh orci posuere turpis, nec placerat mauris tellus ac mi",71.95,1,214
Music Thingamajig,Entertainment,Quisque sed nisi velit,24.95,5,215
Engine Doodad,Automotive,"Nullam cursus consectetur odio, eget convallis ante semper id",58.95,3,216
Swimming Implement,Activity,"Phasellus a blandit lectus, quis imperdiet velit",173.99,5,217
Car Doodad,Automotive,"Nam a massa suscipit, tempor lorem sed, maximus elit",11.99,5,218
Kitchen Rig,Home,"Duis felis nulla, bibendum sit amet elementum vitae, vestibulum in justo",158.95,1,219
Vitamin Widget,Health,Fusce placerat fermentum elit,93.95,0,220
Beach Mechanism,Activity,"Praesent faucibus, nibh sed convallis lobortis, enim erat gravida ante, ut vehicula quam orci in orci",90,8,221
Toy Widget,Entertainment,"Nunc erat justo, bibendum id iaculis nec, rhoncus nec urna",81,3,222
Makeup Attachment,Beauty,"Praesent vulputate dapibus risus, quis suscipit arcu pellentesque eget",130.99,4,223
Music Paraphernalia,Entertainment,Sed consequat felis sed elementum semper,81.95,1,224
Makeup Thingamajig,Beauty,In hac habitasse platea dictumst,38.99,7,225
Aquarium Doodad,Pets,"Sed sollicitudin, sem non efficitur dictum, dui sapien sagittis neque, a rutrum turpis est eget neque",17,5,226
Nutrition Paraphernalia,Health,"Pellentesque rutrum, lorem ac tincidunt auctor, neque orci commodo urna, in pellentesque ipsum turpis in dui",99,1,227
Technology Apparatus,Electronics,"Cras commodo lacus erat, gravida congue ipsum condimentum nec",108.95,1,228
Truck Mechanism,Automotive,"Vestibulum libero purus, finibus eu maximus a, fermentum eget ex.",14.95,9,229
Skin Care Gizmo,Beauty,Nulla vitae odio urna,48.95,0,230
Gardening Rig,Home,Nulla facilisi,95.99,0,231
Baby Component,Clothing,Cras a mauris sed quam feugiat mollis id eu lorem.,190,7,232
Fitness Gizmo,Activity,Interdum et malesuada fames ac ante ipsum primis in faucibus,15.99,6,233
Womens Whatchamacallit,Clothing,Nunc ac ligula urna,184.95,5,234
Toy Widget,Entertainment,In feugiat urna at ipsum pulvinar rutrum,73.95,1,235
Tire Whatchamacallit,Automotive,Etiam sollicitudin enim eu nisl ullamcorper sagittis,193.95,2,236
Jewelry Rig,Clothing,Sed ullamcorper id ligula at placerat.,163,9,237
Storage Machine,Home,Donec ornare tempus mauris et facilisis.,60,1,238
Tire Machine,Automotive,"Vivamus sed rutrum nisl, sed hendrerit ipsum",43.95,3,239
Car Apparatus,Automotive,Aenean varius nisi in ex mollis euismod.,53,1,240
Biking Mechanism,Activity,"Nunc congue metus in nisi consequat, at elementum tellus laoreet",87.99,9,241
Storage Implement,Home,Phasellus a augue lacus,44.99,6,242
Book Item,Entertainment,Sed luctus molestie augue eu luctus.,84,9,243
Dog Kit,Pets,"Suspendisse facilisis, magna quis laoreet interdum, ligula elit porta augue, nec malesuada eros sapien eu nisl",42.95,4,244
Kids Item,Clothing,Praesent fermentum semper odio commodo euismod,186.95,1,245
Vitamin Machine,Health,"Morbi sit amet molestie turpis, convallis facilisis sapien",75,9,246
First Aid Doodad,Health,Sed vel metus turpis,137.99,4,247
Biking Implement,Activity,"Etiam ut feugiat magna, ac consectetur eros",77.95,5,248
Game Implement,Entertainment,Sed pharetra non urna quis luctus,90.95,5,249
Truck Machine,Automotive,Donec egestas id ligula eu euismod,21,8,250
Cat Equipment,Pets,Quisque nec imperdiet lectus,124.95,6,251
Movie Instrument,Entertainment,Vestibulum venenatis pellentesque augue in dictum.,138.95,1,252
Tire Accessory,Automotive,Nunc tristique elit fringilla arcu condimentum euismod,186.99,1,253
Biking Paraphernalia,Activity,Sed consequat metus non accumsan rutrum.,116,7,254
Fitness Accessory,Activity,"Morbi nulla massa, accumsan ut congue tempus, aliquam sit amet libero",42.95,9,255
First Aid Attachment,Health,"Donec tincidunt ligula in nunc fermentum, nec posuere arcu convallis",84.95,8,256
Storage Kit,Home,"Aenean vehicula, dui ac molestie dapibus, dui diam semper urna, eu porta elit magna eget justo",175.99,5,257
Storage Supplies,Home,"Ut scelerisque scelerisque augue, at egestas dui vestibulum ac",165.99,5,258
Camping Implement,Activity,Aenean vehicula sem ut tortor iaculis dignissim,16.99,0,259
Engine Widget,Automotive,"Cras metus ipsum, viverra vel ligula in, finibus eleifend odio",55,9,260
Bath Rig,Beauty,"Nullam aliquam justo a arcu malesuada, sed pulvinar mauris luctus",186,8,261
Fitness Gizmo,Activity,"Praesent tempus porttitor ante, ut efficitur diam mollis vel",82.99,4,262
Aquarium Gadget,Pets,"Cras posuere fermentum justo, at mollis ipsum semper a",46,7,263
Storage Instrument,Home,Suspendisse potenti,22,4,264
Music Doodad,Entertainment,"Aliquam consectetur, nulla et accumsan eleifend, erat tellus cursus nulla, at faucibus libero lacus nec ante",78.99,0,265
Tire Apparatus,Automotive,"Quisque bibendum fermentum sapien, id volutpat ex imperdiet vel",148.95,0,266
Bedding Whatchamacallit,Home,"Curabitur ex nibh, ullamcorper ut sollicitudin eget, lacinia eget dolor.",188,8,267
Phone Accessory,Electronics,"Nam nisl ligula, euismod a turpis sed, ornare commodo odio",132.95,3,268
Engine Contraption,Automotive,Donec tempor tempus consectetur,129.99,2,269
Furniture Implement,Home,Donec ultrices in felis in tincidunt,158,7,270
Home Improvement Gadget,Home,"Ut non metus maximus, suscipit metus et, mattis dui",173.99,0,271
Engine Doodad,Automotive,"Suspendisse massa orci, iaculis id facilisis tempus, gravida in est",164.99,5,272
Cooking Gadget,Home,Ut cursus vehicula fringilla,52.99,5,273
Party Contraption,Entertainment,"Sed luctus metus velit, ut molestie ipsum auctor quis",109,1,274
Phone Tool,Electronics,Vestibulum ante ipsum primis in faucibus orci luctus et ultrices posuere cubilia curae; Curabitur eget risus ut velit vulputate rutrum nec eget metus,140.99,6,275
Bedding Thingamajig,Home,"Nunc nunc dolor, egestas in odio in, mattis facilisis est",152,8,276
Camera Gizmo,Electronics,Nam ac magna id erat placerat hendrerit.,56.99,1,277
Bath Widget,Beauty,"Donec sodales maximus lectus, vitae blandit eros congue a",65.95,7,278
Nutrition Implement,Health,Aenean hendrerit venenatis auctor.,193.99,5,279
Nutrition Whatchamacallit,Health,Aenean non sagittis elit,43.99,5,280
Movie Machine,Entertainment,Pellentesque venenatis dignissim felis luctus eleifend.,94.99,0,281
Camping Attachment,Activity,"Etiam pharetra mollis ante, eget vestibulum turpis vestibulum vel",51.95,0,282
Camping Device,Activity,Donec tempus maximus purus et ultricies,44.95,4,283
Technology Attachment,Electronics,"Aliquam justo dolor, vestibulum ac sem nec, facilisis ornare arcu",83,6,284
Hair Care Rig,Beauty,"Integer est tortor, laoreet vitae neque eget, maximus bibendum lacus",120,0,285
Nutrition Implement,Health,"Curabitur dapibus ultricies felis, vel ullamcorper erat ultrices eu.",23.99,0,286
Fitness Kit,Activity,Duis facilisis justo eget mauris hendrerit bibendum in eu nulla,27,9,287
Kitchen Component,Home,"Nam accumsan, risus sit amet finibus tristique, nibh libero efficitur dolor, vel lobortis tortor ligula sed nunc",195.99,8,288
Music Doodad,Entertainment,"Etiam neque libero, semper sed ex eu, rutrum dignissim diam",31.95,0,289
Personal Supplies,Beauty,Sed id convallis tellus,147.99,2,290
Bedding Mechanism,Home,"Suspendisse ultricies mi eget nisi vehicula, at aliquam nunc interdum",156.95,7,291
Mens Contraption,Clothing,Pellentesque bibendum et dui non efficitur,12.95,1,292
Jewelry Machine,Clothing,"Donec convallis, libero pretium accumsan viverra, felis diam venenatis massa, et vulputate magna nibh et urna",116,7,293
Biking Widget,Activity,"Donec id est consequat, dictum dui sit amet, lobortis ipsum",105,8,294
Outdoors Whatchamacallit,Activity,"Sed eu nisl gravida, maximus nulla nec, bibendum ligula",170.95,3,295
Vitamin Rig,Health,"In imperdiet purus metus, id condimentum lectus ultricies vel",146.95,4,296
Baby Widget,Clothing,"Suspendisse in purus semper, suscipit urna nec, tempus lorem",94,9,297
Kitchen Machine,Home,"Nam venenatis metus nibh, malesuada vestibulum purus consectetur eu",75.95,7,298
Swimming Apparatus,Activity,"Nam justo velit, venenatis nec sapien ac, porttitor fringilla nunc",100.99,3,299
Camera Paraphernalia,Electronics,Donec dictum est nec auctor condimentum,145,5,300
Outdoors Paraphernalia,Activity,"Fusce suscipit, risus id convallis laoreet, sapien felis suscipit odio, et volutpat lectus ligula at odio",183.95,0,301
Medicine Supplies,Health,"Nam a massa suscipit, tempor lorem sed, maximus elit",146,7,302
Bedding Attachment,Home,Ut non nisi felis,113.99,5,303
Book Instrument,Entertainment,"Etiam ut feugiat magna, ac consectetur eros",144.99,8,304
Skin Care Machine,Beauty,Pellentesque venenatis dignissim felis luctus eleifend.,63.95,8,305
Bedding Rig,Home,"Curabitur sodales mauris non mi auctor, eu feugiat massa vulputate.",99.99,7,306
Truck Whatchamacallit,Automotive,Suspendisse potenti,11.99,6,307
Bedding Mechanism,Home,"Nam tincidunt dui massa, et lacinia arcu cursus a",57.99,9,308
Cat Item,Pets,Etiam non mi a sem pharetra varius.,35.99,2,309
Womens Attachment,Clothing,Duis sodales dignissim leo vitae convallis,176.99,3,310
Music Gadget,Entertainment,Sed sit amet ex eros,123,7,311
Dining Item,Home,"Curabitur tincidunt placerat ante, ac venenatis tellus ullamcorper cursus.",85.99,2,312
Cleaning Contraption,Home,"Cras suscipit erat sapien, id elementum erat porta eget",10,5,313
Womens Contraption,Clothing,Nulla cursus dignissim risus et vulputate,142.99,2,314
Party Gizmo,Entertainment,Curabitur quis dignissim eros,12,8,315
Sports Gadget,Activity,"Aliquam ultrices, est vitae vestibulum scelerisque, urna purus vulputate neque, eu laoreet quam sapien non massa",198.95,2,316
Kitchen Item,Home,Donec tincidunt fringilla pretium,97.99,0,317
Kitchen Supplies,Home,Aliquam eleifend imperdiet volutpat,83.95,2,318
Kitchen Equipment,Home,Phasellus vitae diam diam,55.99,0,319
Aquarium Apparatus,Pets,"Etiam sit amet porta diam, at interdum enim",156.95,3,320
Makeup Rig,Beauty,Sed ullamcorper id ligula at placerat.,84.95,9,321
Tire Tool,Automotive,"Suspendisse ultricies mi eget nisi vehicula, at aliquam nunc interdum",156,2,322
Computer Widget,Electronics,"Integer interdum turpis ex, in vehicula magna consequat auctor",20.99,3,323
Aquarium Mechanism,Pets,Nulla tempus arcu a libero semper ultricies,162,5,324
Dog Whatchamacallit,Pets,"Nam suscipit felis nunc, in pharetra nibh consectetur in",179,5,325
Medicine Thingamajig,Health,"Fusce massa ipsum, ultricies ut commodo vitae, semper sit amet dui",53.99,1,326
Music Thingamajig,Entertainment,"Maecenas laoreet tellus augue, id dictum magna dictum non",159.99,2,327
Storage Accessory,Home,Maecenas ut lorem quis mi tempor finibus at sit amet dolor,97.95,5,328
Vitamin Contraption,Health,"Morbi sit amet molestie turpis, convallis facilisis sapien",183.95,6,329
Game Mechanism,Entertainment,Praesent rhoncus pulvinar lectus quis suscipit,175.95,1,330
Mens Item,Clothing,"Fusce elementum semper odio, sit amet imperdiet ipsum tincidunt id",96,8,331
Fitness Apparatus,Activity,Aenean vitae velit augue,144,3,332
Truck Kit,Automotive,Nam eget aliquet magna,19.95,8,333
Cat Implement,Pets,"Pellentesque id ultricies ante, vel feugiat ipsum",83.95,7,334
Beach Rig,Activity,"Integer leo nisi, fringilla sed porta non, convallis non mi",187,7,335
Womens Widget,Clothing,"Integer sagittis congue diam, eget volutpat lacus luctus sit amet",125.95,3,336
Engine Thingamajig,Automotive,Nulla et viverra felis,167.95,9,337
Womens Instrument,Clothing,"Nulla vestibulum fringilla nulla, eget ornare urna hendrerit quis",93,4,338
Technology Apparatus,Electronics,"Nulla ut laoreet massa, pretium tincidunt quam.",183,8,339
Bath Contraption,Beauty,Integer viverra lobortis malesuada,47.95,6,340
Baby Mechanism,Clothing,"Ut nisl urna, suscipit vel egestas sed, placerat eu nibh",18,0,341
Dining Tool,Home,"Phasellus feugiat tristique est, vitae laoreet libero maximus quis",70.99,0,342
Outdoors Gadget,Activity,"Cras posuere fermentum justo, at mollis ipsum semper a",105,3,343
Cooking Rig,Home,"Ut scelerisque scelerisque augue, at egestas dui vestibulum ac",130.99,6,344
Computer Component,Electronics,Fusce placerat fermentum elit,69,4,345
Hair Care Accessory,Beauty,Morbi ultrices et neque eu suscipit,26.99,0,346
Jewelry Device,Clothing,"In molestie tortor sit amet orci dapibus, sed pellentesque velit laoreet",135.95,6,347
Mens Whatchamacallit,Clothing,"Suspendisse porta, orci nec varius convallis, orci erat pellentesque libero, dictum venenatis tortor nunc eget neque",124.99,4,348
Technology Doodad,Electronics,Aenean pharetra maximus orci,72.95,6,349
Swimming Doodad,Activity,"Suspendisse cursus diam nulla, eu pellentesque ipsum viverra at",152.95,1,350
Hair Care Attachment,Beauty,Cras pharetra libero a tempor tincidunt,130.95,4,351
Hair Care Attachment,Beauty,"Nulla sollicitudin enim in nibh venenatis, in cursus dui hendrerit",104.95,5,352
Kids Component,Clothing,"Proin sapien tortor, fermentum eu ante vel, faucibus euismod tellus",186,1,353
Toy Supplies,Entertainment,Nullam aliquam rutrum purus,70.95,3,354
Game Mechanism,Entertainment,Sed bibendum egestas lacinia.,191,4,355
Beach Gizmo,Activity,Pellentesque dictum ante ac quam lobortis placerat,64,3,356
Vitamin Gadget,Health,Morbi sed mauris tellus,190,5,357
Music Widget,Entertainment,Nullam aliquet justo eu tortor vehicula tincidunt,154.99,6,358
Toy Paraphernalia,Entertainment,"Donec sodales maximus lectus, vitae blandit eros congue a",26.99,9,359
Womens Rig,Clothing,Etiam tristique ex sit amet justo tristique scelerisque,38,6,360
Party Apparatus,Entertainment,Integer egestas eu odio at porta,80,6,361
Phone Mechanism,Electronics,Mauris id felis turpis,91,1,362
Tire Rig,Automotive,"Praesent justo leo, eleifend a molestie vestibulum, bibendum sit amet leo",168.99,4,363
Movie Gear,Entertainment,Praesent sed ligula dolor,71,4,364
Dog Mechanism,Pets,"Suspendisse condimentum velit non purus varius, auctor maximus est aliquam",92.95,0,365
Furniture Accessory,Home,"Integer ligula leo, blandit ut lorem tempus, eleifend convallis odio",30,0,366
Hair Care Widget,Beauty,"Suspendisse blandit mauris finibus sapien pulvinar, nec bibendum ligula tempus",198,4,367
Vitamin Item,Health,"In gravida dolor dolor, id volutpat dui condimentum eu",74.95,2,368
Camping Paraphernalia,Activity,"Suspendisse semper tortor sapien, eu cursus nisi fermentum non",97,6,369
Fitness Mechanism,Activity,Donec a tincidunt dolor,101,5,370
Game Supplies,Entertainment,Aliquam imperdiet bibendum nisi vitae condimentum,50.99,9,371
Dog Device,Pets,"In rhoncus ante at lacus maximus, at gravida velit viverra",146.95,0,372
Dining Component,Home,Etiam quis tortor vel ex egestas varius a et metus,181.95,2,373
Camera Rig,Electronics,"Nam facilisis, turpis sed finibus venenatis, sem dolor cursus libero, id hendrerit eros enim ut eros",34.95,4,374
Camera Device,Electronics,Donec auctor id lorem et condimentum,72,3,375
Bedding Attachment,Home,Maecenas aliquet vitae diam vel aliquet,47.99,0,376
Cat Apparatus,Pets,"Nam sit amet ornare sapien, eleifend fermentum augue.",197.95,5,377
Toy Device,Entertainment,Etiam ac tempus felis,51.99,6,378
Medicine Paraphernalia,Health,"Fusce interdum, ipsum in hendrerit convallis, orci sem ornare ante, nec tincidunt urna augue ac metus",51,8,379
Makeup Apparatus,Beauty,Aliquam id justo eu nibh bibendum ornare in nec nunc,106.99,2,380
Storage Component,Home,"Integer sem mauris, viverra non ligula sagittis, consectetur pharetra tortor",179.99,8,381
Gardening Kit,Home,Maecenas eu posuere sapien,135,4,382
Car Item,Automotive,"Nullam aliquam quam ut velit congue, at vestibulum lacus laoreet",47.95,0,383
Bath Accessory,Beauty,"Phasellus vehicula sem in nisl consectetur, vel tincidunt tortor blandit",17,3,384
Furniture Widget,Home,Donec at diam in metus tincidunt tincidunt,158,1,385
Phone Kit,Electronics,"Quisque scelerisque venenatis velit, eu porttitor felis mattis non",96.99,7,386
Mens Accessory,Clothing,"Ut venenatis, tortor a commodo tincidunt, metus urna finibus lorem, ut pulvinar diam risus quis sapien",19.95,0,387
Mens Doodad,Clothing,Suspendisse potenti,154.95,6,388
Sports Gizmo,Activity,"Duis felis nulla, bibendum sit amet elementum vitae, vestibulum in justo",21.99,0,389
Technology Gear,Electronics,Nullam volutpat ut dui nec gravida,37.95,1,390
Dining Item,Home,"Nullam malesuada nulla tellus, a condimentum nulla pulvinar vel",173.95,8,391
Party Accessory,Entertainment,Donec a tincidunt dolor,164.99,3,392
Baby Widget,Clothing,Nunc ac ligula urna,152,4,393
Swimming Gizmo,Activity,Donec pellentesque magna sed elementum hendrerit,32,7,394
Cleaning Kit,Home,"Donec euismod tincidunt arcu, sit amet euismod purus placerat non",177.95,2,395
Movie Machine,Entertainment,In vitae dui mi,153,5,396
Kids Paraphernalia,Clothing,"Lorem ipsum dolor sit amet, consectetur adipiscing elit",31.95,0,397
Fitness Thingamajig,Activity,Quisque laoreet ullamcorper consequat,17.95,6,398
Baby Attachment,Clothing,Mauris venenatis dolor vel magna rhoncus molestie,134.95,2,399
Bedding Kit,Home,Aenean vitae velit augue,186.99,7,400
Beach Gizmo,Activity,Phasellus eu urna sapien,148,5,401
First Aid Instrument,Health,Nulla eu justo lorem.,182,0,402
Music Gadget,Entertainment,Vivamus consectetur sem non egestas consequat,118.95,3,403
Phone Kit,Electronics,Integer posuere nulla egestas dignissim faucibus,143,0,404
Music Gear,Entertainment,Vestibulum blandit mi quis leo euismod faucibus,49,7,405
Engine Mechanism,Automotive,Donec a tincidunt dolor,28,6,406
Phone Gizmo,Electronics,Cras aliquam lobortis metus id pulvinar,23.95,9,407
Personal Paraphernalia,Beauty,Vestibulum lacinia massa nec viverra vulputate,174,6,408
Bedding Tool,Home,Duis sodales dignissim leo vitae convallis,143.95,4,409
Game Thingamajig,Entertainment,"Integer quis tristique magna, eu fringilla lorem",184.95,6,410
Baby Apparatus,Clothing,Suspendisse potenti,162,0,411
Makeup Paraphernalia,Beauty,Phasellus eget lectus eleifend nulla fermentum iaculis eget sed est,62.99,1,412
Biking Whatchamacallit,Activity,Pellentesque convallis turpis in felis gravida sollicitudin,159.95,1,413
Cooking Whatchamacallit,Home,"Orci varius natoque penatibus et magnis dis parturient montes, nascetur ridiculus mus",67,1,414
Storage Gizmo,Home,Nam vel sapien ipsum,96,3,415
Kitchen Attachment,Home,Nulla convallis egestas finibus,60.95,6,416
Kitchen Gadget,Home,"Vivamus sapien lacus, mollis vel urna non, finibus finibus ligula.",148.99,7,417
Fitness Kit,Activity,Ut eleifend quis quam id mattis,83,6,418
Party Paraphernalia,Entertainment,"Lorem ipsum dolor sit amet, consectetur adipiscing elit",40,3,419
Biking Component,Activity,"Nam malesuada lorem ut lacus tincidunt, id pellentesque velit pulvinar",42,4,420
Phone Apparatus,Electronics,Maecenas eu posuere sapien,118,5,421
Game Apparatus,Entertainment,"Donec convallis, libero pretium accumsan viverra, felis diam venenatis massa, et vulputate magna nibh et urna",134.95,1,422
Jewelry Supplies,Clothing,Vivamus vel massa erat,49.95,8,423
Nutrition Gadget,Health,"Phasellus diam felis, vestibulum in ornare et, euismod et dolor",108.95,5,424
Hair Care Gear,Beauty,Donec pellentesque magna sed elementum hendrerit,30,0,425
Fitness Equipment,Activity,"Fusce elementum consequat sem, nec ullamcorper dui mollis vitae",46.99,5,426
Dog Supplies,Pets,"Maecenas massa metus, blandit at varius vel, fermentum vitae odio",55,5,427
Bedding Implement,Home,Fusce finibus nibh vel condimentum fermentum,32.99,9,428
First Aid Implement,Health,"Proin tellus nunc, cursus quis massa a, congue dictum massa",180.99,8,429
Party Accessory,Entertainment,Praesent eget velit quam,21.99,9,430
Home Improvement Rig,Home,"Nullam eleifend nisl sed leo bibendum, quis laoreet massa vestibulum",82,5,431
Sports Accessory,Activity,"Suspendisse eget facilisis nibh, nec sollicitudin massa",20.99,2,432
Engine Accessory,Automotive,Integer pellentesque fringilla libero quis cursus,176.95,5,433
Cooking Contraption,Home,"Fusce elit metus, consequat ut tortor sit amet, porttitor feugiat nisl",143.99,6,434
Bath Paraphernalia,Beauty,"Aliquam ultricies, felis vel gravida facilisis, lorem quam blandit diam, vestibulum interdum quam lacus at urna",79.99,3,435
Car Rig,Automotive,"Quisque varius semper orci, sit amet auctor metus venenatis sed",151.99,4,436
Kids Mechanism,Clothing,Duis sagittis ultrices orci vitae feugiat,101.99,4,437
Nutrition Tool,Health,Nulla id mi quis lorem malesuada gravida.,142,4,438
Swimming Supplies,Activity,"Etiam purus leo, consequat ut congue a, posuere eu quam",65,9,439
Womens Implement,Clothing,"Suspendisse eleifend nibh in enim ornare, id tempus orci dapibus",13,5,440
First Aid Machine,Health,Nunc faucibus nec diam mattis semper,67,7,441
Toy Machine,Entertainment,Curabitur id nunc ac tortor facilisis lacinia sit amet nec sapien,121,3,442
Camera Gadget,Electronics,Donec non lectus quis tellus ultrices cursus,189.99,0,443
Fitness Doodad,Activity,"Proin vulputate pulvinar quam, aliquet iaculis eros pellentesque ac",189,4,444
Movie Doodad,Entertainment,Donec venenatis enim vitae ante pellentesque sollicitudin,161.95,7,445
Fitness Mechanism,Activity,Donec sed enim nulla,104,4,446
Sports Kit,Activity,"Orci varius natoque penatibus et magnis dis parturient montes, nascetur ridiculus mus.",62.95,0,447
Music Component,Entertainment,"Aenean pretium viverra eros, at mattis libero",161,1,448
Party Mechanism,Entertainment,"Praesent aliquam tellus lobortis arcu rutrum, ac tincidunt arcu egestas",43,8,449
Computer Contraption,Electronics,Vivamus suscipit dolor in nisi dapibus fermentum,184,5,450
Camera Thingamajig,Electronics,"Suspendisse sodales tempor odio, quis luctus massa gravida ac",166,3,451
Aquarium Component,Pets,Mauris et lectus in velit tristique lacinia,48,8,452
Sports Contraption,Activity,Nunc rutrum dapibus odio vel efficitur,157,7,453
Biking Contraption,Activity,Nunc porta pulvinar accumsan,18,3,454
Technology Contraption,Electronics,Sed id congue augue.,11.95,7,455
Movie Implement,Entertainment,Vivamus venenatis tempus nulla,69.95,6,456
Makeup Supplies,Beauty,"Morbi malesuada tellus sed felis euismod, id fringilla arcu posuere",142.99,6,457
Hair Care Device,Beauty,Sed condimentum sapien eu bibendum porta,43.99,0,458
Car Tool,Automotive,"Donec maximus, dui malesuada auctor suscipit, mauris felis bibendum dui, pellentesque tempor elit risus in odio",106.95,5,459
Makeup Equipment,Beauty,Sed rutrum lobortis erat finibus aliquam,152,7,460
Computer Instrument,Electronics,"In gravida dolor dolor, id volutpat dui condimentum eu",184.99,8,461
Kids Contraption,Clothing,"Sed ultrices urna turpis, et tempus dolor dignissim et",190.95,9,462
Biking Whatchamacallit,Activity,Mauris venenatis odio sit amet enim imperdiet pulvinar,18.99,2,463
Gardening Apparatus,Home,"Etiam massa massa, blandit non vehicula sit amet, tincidunt sed lectus",164,7,464
Personal Accessory,Beauty,"Integer sem mauris, viverra non ligula sagittis, consectetur pharetra tortor",111,7,465
Movie Mechanism,Entertainment,"Integer ut vehicula odio, eget rhoncus tellus",32.99,3,466
Movie Equipment,Entertainment,Mauris suscipit purus sed volutpat dictum,105,2,467
Movie Doodad,Entertainment,"Donec nulla urna, maximus ut tellus in, accumsan mollis sem.",25,0,468
Makeup Apparatus,Beauty,Fusce eget orci non sapien gravida sagittis,83.95,1,469
Fitness Component,Activity,"Phasellus malesuada, felis id consectetur mattis, leo sem maximus mauris, vitae tincidunt ipsum lorem ut nisi",104.99,1,470
First Aid Gear,Health,Sed mollis imperdiet metus vel malesuada,189.95,5,471
Cleaning Implement,Home,"In ullamcorper augue massa, tincidunt interdum mauris pulvinar non",161.95,5,472
Computer Item,Electronics,Morbi a augue quam,43.95,6,473
Dog Widget,Pets,Nullam vitae purus a justo venenatis euismod,105.99,9,474
Medicine Implement,Health,Nullam iaculis sed tellus fringilla pellentesque,108.95,2,475
Outdoors Component,Activity,Cras pharetra libero a tempor tincidunt,88,2,476
Mens Kit,Clothing,Nulla id mi quis lorem malesuada gravida.,67.99,9,477
Bedding Thingamajig,Home,Curabitur fringilla lacus ac lacus dignissim condimentum mollis in est,169.99,6,478
Makeup Mechanism,Beauty,"Praesent scelerisque nisl enim, a sodales elit aliquet ac",95,6,479
Bedding Component,Home,Vestibulum ante ipsum primis in faucibus orci luctus et ultrices posuere cubilia curae; Mauris nec orci ipsum,128.95,0,480
Camera Whatchamacallit,Electronics,Sed consequat felis sed elementum semper,30,7,481
Sports Attachment,Activity,Morbi eget rhoncus sem.,194.99,1,482
Party Accessory,Entertainment,Nulla non odio eget orci rhoncus tempor id at enim.,118,2,483
Kids Component,Clothing,"Vivamus sed rutrum nisl, sed hendrerit ipsum",68.99,6,484
Aquarium Machine,Pets,"Orci varius natoque penatibus et magnis dis parturient montes, nascetur ridiculus mus",149,1,485
Dog Contraption,Pets,"Lorem ipsum dolor sit amet, consectetur adipiscing elit",161,7,486
Phone Item,Electronics,Donec eu cursus turpis,159,9,487
Dining Contraption,Home,Integer posuere nulla egestas dignissim faucibus,75.95,5,488
Outdoors Mechanism,Activity,"Cras enim elit, dignissim eget enim vel, sagittis rutrum purus",109,0,489
Swimming Doodad,Activity,Maecenas sit amet leo a magna aliquam suscipit id ut dolor,15.99,8,490
Nutrition Widget,Health,Suspendisse sit amet luctus lacus,48.99,1,491
Hair Care Rig,Beauty,"Morbi dui metus, dignissim pretium ultrices non, tincidunt sed enim",34.99,9,492
Baby Rig,Clothing,Fusce at nunc orci,120,7,493
Baby Whatchamacallit,Clothing,"Sed condimentum finibus neque, ut tincidunt ipsum lobortis vel",111.99,5,494
Beach Whatchamacallit,Activity,Praesent rhoncus pulvinar lectus quis suscipit,152.99,3,495
Kitchen Paraphernalia,Home,"Phasellus feugiat tristique est, vitae laoreet libero maximus quis",176,4,496
Phone Doodad,Electronics,Nullam venenatis auctor magna quis cursus,56,0,497
Makeup Rig,Beauty,Cras placerat sem in eros bibendum dapibus et ut nulla,125.95,2,498
Dining Doodad,Home,Sed id nulla velit.,174.95,9,499
Biking Accessory,Activity,Etiam ac ultrices augue,170,3,500
Makeup Paraphernalia,Beauty,Sed non laoreet nisl,77.99,4,501
Personal Implement,Beauty,Mauris interdum vitae quam ac ornare,20.95,6,502
Dining Attachment,Home,Etiam ac tempus felis,75.95,2,503
Movie Rig,Entertainment,Morbi imperdiet dui vestibulum dolor tincidunt mattis ac ut diam,121,8,504
Cat Accessory,Pets,"Suspendisse eget facilisis nibh, nec sollicitudin massa",165.99,3,505
Game Component,Entertainment,Praesent sit amet tempor libero,101.99,2,506
Game Apparatus,Entertainment,Aenean sit amet felis id purus commodo auctor id non odio,122.99,0,507
Camera Item,Electronics,"Donec interdum, lorem consectetur condimentum mollis, mauris sem pretium turpis, sed faucibus magna tortor a erat.",165.95,1,508
Baby Rig,Clothing,"Aliquam elementum aliquet nulla, posuere venenatis nisi laoreet at",83.95,3,509
Vitamin Mechanism,Health,"Pellentesque elementum, velit id iaculis fermentum, felis velit molestie neque, at pharetra leo risus vitae mi",70.95,6,510
Camera Device,Electronics,Donec et odio ac leo elementum lacinia,85,3,511
First Aid Attachment,Health,Nunc viverra fringilla purus nec pellentesque,164.95,1,512
Dining Paraphernalia,Home,"Fusce lorem est, molestie ut dictum id, pretium vel odio",110,2,513
Kitchen Thingamajig,Home,"Lorem ipsum dolor sit amet, consectetur adipiscing elit",101.95,6,514
Kitchen Kit,Home,"Etiam lobortis neque eget ex tempus, eu interdum mi semper",39.95,4,515
Storage Attachment,Home,Etiam ac ultrices augue,72,1,516
Aquarium Item,Pets,"Maecenas molestie imperdiet purus, eget imperdiet velit convallis sed",103,0,517
Camera Gear,Electronics,"Morbi odio eros, euismod eget sapien non, placerat vehicula ex",197.99,8,518
Car Gear,Automotive,In ut libero orci,109,2,519
Baby Tool,Clothing,Aliquam imperdiet bibendum nisi vitae condimentum,142,8,520
First Aid Thingamajig,Health,In hac habitasse platea dictumst,75.95,1,521
Truck Apparatus,Automotive,Aliquam et ex at lorem ornare mollis,190.99,3,522
Beach Gadget,Activity,Nullam gravida nulla vel ante condimentum volutpat,46.95,0,523
Game Paraphernalia,Entertainment,"Integer tempor metus convallis lorem dignissim, vel porttitor mauris varius",69.95,2,524
Book Rig,Entertainment,Sed vulputate nunc eget finibus convallis,106.99,3,525
Swimming Device,Activity,Mauris ornare convallis sem in dictum,184.99,0,526
Computer Widget,Electronics,"Orci varius natoque penatibus et magnis dis parturient montes, nascetur ridiculus mus",166.95,9,527
Engine Gadget,Automotive,Suspendisse feugiat sapien orci,172.95,5,528
Personal Item,Beauty,Donec vitae risus vel lacus eleifend scelerisque.,23,2,529
Dog Attachment,Pets,Suspendisse hendrerit ornare lorem ut pulvinar,74.95,3,530
Tire Whatchamacallit,Automotive,"Integer lacinia, lacus sed accumsan tristique, nibh orci posuere turpis, nec placerat mauris tellus ac mi",86,9,531
Kitchen Paraphernalia,Home,Suspendisse nec ex justo,110,2,532
Hair Care Attachment,Beauty,Mauris venenatis dolor vel magna rhoncus molestie,82,4,533
Dining Paraphernalia,Home,"Aenean et purus faucibus, fermentum risus eget, posuere diam",80.95,0,534
Dog Kit,Pets,Nullam gravida nulla vel ante condimentum volutpat,77.95,8,535
Furniture Accessory,Home,"Proin vitae venenatis nibh, at tempus nibh",155.95,0,536
First Aid Paraphernalia,Health,"Donec semper, orci ut cursus egestas, nibh urna fringilla tortor, a blandit tellus libero vitae massa",193.95,1,537
Kids Gadget,Clothing,"Mauris et libero tincidunt, congue magna ut, gravida dui",129,4,538
Cleaning Whatchamacallit,Home,"Integer quis tristique magna, eu fringilla lorem",73,4,539
Bedding Mechanism,Home,"Ut non hendrerit velit, nec mattis dolor",169.95,9,540
Biking Tool,Activity,Integer ut tellus leo,83,4,541
Womens Mechanism,Clothing,"Maecenas nisi ipsum, tristique eu metus eu, tincidunt accumsan nibh",192.99,9,542
Storage Item,Home,Mauris auctor libero eu hendrerit consectetur,100.95,2,543
Truck Mechanism,Automotive,"Pellentesque molestie elementum nisl, at finibus nisi rutrum quis",23,0,544
Car Contraption,Automotive,"Aliquam consectetur, nulla et accumsan eleifend, erat tellus cursus nulla, at faucibus libero lacus nec ante",179.95,4,545
Outdoors Supplies,Activity,Nam porttitor sagittis elementum,17.95,8,546
Party Attachment,Entertainment,"Integer luctus orci vel metus elementum, sit amet rutrum nisi cursus",189.99,3,547
Dining Thingamajig,Home,"Donec suscipit semper lorem, dapibus auctor lectus dapibus vel",32.95,3,548
Vitamin Item,Health,"Maecenas posuere, tortor at condimentum volutpat, nisl odio pulvinar sapien, et vehicula nunc urna at tortor.",35.99,2,549
Outdoors Component,Activity,Ut venenatis id orci quis vehicula,99.95,2,550
Medicine Doodad,Health,Phasellus eu urna sapien,109.95,9,551
Jewelry Thingamajig,Clothing,Fusce consequat mattis faucibus,70.99,8,552
Vitamin Thingamajig,Health,Morbi in ullamcorper sapien,176.95,2,553
Toy Item,Entertainment,"Donec euismod tincidunt arcu, sit amet euismod purus placerat non",26.99,1,554
Truck Device,Automotive,"Nulla vestibulum fringilla nulla, eget ornare urna hendrerit quis",23,8,555
Womens Gadget,Clothing,"Sed sed suscipit eros, nec posuere nulla",31,1,556
Outdoors Gadget,Activity,Morbi dapibus imperdiet elit at blandit,164.95,3,557
Kitchen Mechanism,Home,Proin accumsan tortor euismod tincidunt fringilla,97,6,558
Bedding Contraption,Home,"Duis bibendum, odio id tristique luctus, lacus leo iaculis tellus, non venenatis enim massa euismod justo",115,5,559
Skin Care Whatchamacallit,Beauty,Suspendisse ac nulla dui,29,1,560
Baby Equipment,Clothing,Etiam maximus blandit lacinia,117.95,5,561
Car Gizmo,Automotive,Maecenas ut commodo lacus,141,6,562
Phone Rig,Electronics,Maecenas pulvinar sollicitudin pretium,177,1,563
Technology Equipment,Electronics,Aenean scelerisque lectus vel tellus tempor vestibulum,21.95,9,564
Camping Mechanism,Activity,Nullam ut lorem eu ipsum elementum convallis id sit amet mauris,187,7,565
Gardening Gear,Home,Pellentesque ornare ipsum sed bibendum mollis,129.99,2,566
Tire Mechanism,Automotive,Phasellus eu pulvinar tortor,162,1,567
Womens Kit,Clothing,Morbi aliquet dui id ex efficitur tincidunt,45.95,4,568
Beach Attachment,Activity,Nulla sit amet maximus lorem.,197.99,9,569
Computer Gadget,Electronics,Nunc rutrum dapibus odio vel efficitur,168,6,570
Personal Supplies,Beauty,"Donec porta ex libero, id fringilla ipsum ornare in",99.95,9,571
Car Component,Automotive,"Aenean ultricies nisl mauris, ac gravida dolor tempus et",122,9,572
Medicine Mechanism,Health,Aliquam lobortis cursus erat quis dapibus,173.99,4,573
Truck Instrument,Automotive,Proin semper efficitur nulla nec egestas,141,1,574
Kids Mechanism,Clothing,"Etiam pharetra mollis ante, eget vestibulum turpis vestibulum vel",147.99,4,575
Baby Widget,Clothing,"Duis suscipit, odio convallis luctus pulvinar, urna turpis vehicula urna, et pulvinar dolor justo id lacus",193.99,9,576
Medicine Whatchamacallit,Health,"Nunc congue metus in nisi consequat, at elementum tellus laoreet",63,5,577
Storage Machine,Home,Praesent maximus cursus imperdiet,29.95,9,578
Camera Machine,Electronics,"Sed purus urna, egestas ac dolor vehicula, cursus mattis turpis",20,1,579
Beach Machine,Activity,"Vestibulum at tristique neque, ut cursus nulla",57.99,5,580
Phone Instrument,Electronics,Curabitur quis dignissim eros,196.99,0,581
Gardening Tool,Home,"Pellentesque molestie elementum nisl, at finibus nisi rutrum quis",80.99,4,582
Jewelry Mechanism,Clothing,Donec ornare tempus mauris et facilisis.,71.95,3,583
Kitchen Item,Home,"Nam accumsan, risus sit amet finibus tristique, nibh libero efficitur dolor, vel lobortis tortor ligula sed nunc",87,8,584
Camera Rig,Electronics,Etiam nec malesuada tellus,21,7,585
Sports Rig,Activity,Fusce posuere at libero quis consequat,19.99,7,586
Medicine Paraphernalia,Health,"Sed purus urna, egestas ac dolor vehicula, cursus mattis turpis",168,0,587
Kids Accessory,Clothing,Maecenas faucibus sed nisi eu molestie,126.95,8,588
Beach Paraphernalia,Activity,"Maecenas vulputate libero eget quam dictum, ac pellentesque enim commodo",60.95,2,589
Music Paraphernalia,Entertainment,"Nam justo velit, venenatis nec sapien ac, porttitor fringilla nunc",186.99,1,590
Computer Gear,Electronics,"Morbi semper fermentum mauris, aliquam suscipit metus fermentum nec",25.95,3,591
Technology Accessory,Electronics,Donec et varius leo,118.99,1,592
Kids Whatchamacallit,Clothing,"Curabitur vitae dictum nibh, non accumsan turpis",188,1,593
Skin Care Paraphernalia,Beauty,In vitae dui mi,144.99,8,594
Gardening Tool,Home,"Maecenas nisi ipsum, tristique eu metus eu, tincidunt accumsan nibh",29.99,2,595
Biking Gadget,Activity,Fusce et faucibus ipsum,126.99,8,596
Fitness Accessory,Activity,Aenean eget turpis quis lorem porta condimentum eu vel orci,11.99,2,597
Sports Machine,Activity,Pellentesque eleifend ante quis magna gravida rhoncus,113,7,598
Vitamin Rig,Health,"Integer mollis odio efficitur, finibus magna et, sollicitudin lorem",183.99,8,599
Book Contraption,Entertainment,"Etiam pharetra mollis ante, eget vestibulum turpis vestibulum vel",181.99,5,600
Camping Equipment,Activity,"Cras posuere fermentum justo, at mollis ipsum semper a",40.95,3,601
Womens Contraption,Clothing,Morbi at mollis nulla.,32.95,1,602
Tire Rig,Automotive,Etiam nec malesuada tellus,35.95,2,603
Personal Device,Beauty,Maecenas mattis lacus ut tincidunt finibus,33.95,3,604
Movie Equipment,Entertainment,"Vestibulum quam eros, semper nec sollicitudin et, rhoncus ac nulla",95.99,1,605
Dog Attachment,Pets,Proin vitae ligula ut enim gravida viverra,29.99,3,606
Biking Equipment,Activity,"Etiam pretium erat non elit tempor, quis pretium nisi condimentum",178.99,9,607
Computer Gear,Electronics,Nullam gravida nulla vel ante condimentum volutpat,53.99,7,608
Camera Rig,Electronics,Aenean sagittis sapien sed justo suscipit egestas,74.95,6,609
Vitamin Paraphernalia,Health,Fusce at arcu non orci hendrerit tincidunt,186,8,610
Book Gizmo,Entertainment,Donec et varius leo,96,2,611
Womens Doodad,Clothing,"Praesent bibendum, augue eu aliquam gravida, lectus sapien fringilla ipsum, non tincidunt leo felis eu augue",152.95,5,612
Vitamin Attachment,Health,Donec quis elit sit amet justo porttitor condimentum et nec urna,194.99,9,613
Computer Paraphernalia,Electronics,Suspendisse placerat non erat quis aliquam,83.95,7,614
First Aid Mechanism,Health,Sed vel rhoncus tellus,146,9,615
Womens Paraphernalia,Clothing,Phasellus a malesuada nisl.,159.95,1,616
Technology Kit,Electronics,"Integer efficitur viverra sapien, sed venenatis eros sagittis at",27.95,3,617
Toy Supplies,Entertainment,"Phasellus non turpis lacinia, vehicula diam sit amet, mattis enim.",129.99,6,618
Biking Attachment,Activity,"Phasellus sapien lorem, mollis vel lectus vel, bibendum fermentum ligula",132.99,2,619
Cooking Accessory,Home,"Integer interdum turpis ex, in vehicula magna consequat auctor",160,9,620
Music Gear,Entertainment,Morbi at mollis nulla.,36.99,0,621
Phone Mechanism,Electronics,"Praesent mattis, turpis et blandit sollicitudin, arcu nisl efficitur est, at imperdiet ante magna sit amet metus",187,4,622
Dog Mechanism,Pets,Aliquam malesuada commodo laoreet,189,4,623
Vitamin Rig,Health,"Etiam nisl mauris, feugiat malesuada mi sed, vestibulum commodo lectus",144,1,624
Tire Apparatus,Automotive,Proin et cursus mauris,23,2,625
Cat Supplies,Pets,"Maecenas nisi ipsum, tristique eu metus eu, tincidunt accumsan nibh",139.99,3,626
Womens Equipment,Clothing,Curabitur tristique vehicula vestibulum,22.95,2,627
Party Gear,Entertainment,Etiam vitae ex vel tortor viverra dictum a nec arcu.,66.95,9,628
Vitamin Widget,Health,Donec et varius leo,46,6,629
Fitness Thingamajig,Activity,"Suspendisse a auctor tortor, in lacinia massa",60,1,630
Skin Care Mechanism,Beauty,Integer vitae ipsum sed erat tincidunt euismod in a odio,127.99,8,631
Book Device,Entertainment,"Suspendisse id finibus orci, a vehicula nibh",151.99,0,632
Party Device,Entertainment,"Morbi dui metus, dignissim pretium ultrices non, tincidunt sed enim",133.95,8,633
Game Kit,Entertainment,"Mauris magna risus, scelerisque in lacinia non, pulvinar nec nulla",147.99,9,634
Bedding Whatchamacallit,Home,Mauris suscipit purus sed volutpat dictum,41.99,0,635
Gardening Rig,Home,In iaculis in risus condimentum rhoncus,84,4,636
Gardening Machine,Home,Suspendisse potenti,41.99,0,637
Computer Doodad,Electronics,In feugiat urna at ipsum pulvinar rutrum,22.95,1,638
Camera Doodad,Electronics,Morbi et dui justo,113.95,6,639
Toy Attachment,Entertainment,Aliquam imperdiet bibendum nisi vitae condimentum,78,5,640
Game Kit,Entertainment,Nullam ut lorem eu ipsum elementum convallis id sit amet mauris,18,9,641
Gardening Item,Home,Aenean hendrerit lorem euismod turpis consectetur cursus,171.95,2,642
Swimming Equipment,Activity,Nulla et lectus tellus,192.99,5,643
Outdoors Instrument,Activity,Phasellus molestie justo a metus pellentesque finibus,144,1,644
Cleaning Attachment,Home,"Ut non hendrerit velit, nec mattis dolor",69,5,645
Medicine Gizmo,Health,Ut eleifend vehicula tempus,70.95,6,646
Game Kit,Entertainment,"Vestibulum libero purus, finibus eu maximus a, fermentum eget ex.",41.99,5,647
Biking Supplies,Activity,Ut maximus pretium ex sit amet malesuada,109.99,7,648
Toy Mechanism,Entertainment,"Mauris vitae nulla interdum, consectetur nunc eu, maximus nibh",78.99,4,649
Engine Tool,Automotive,Aliquam volutpat arcu id justo fringilla posuere,27,2,650
Toy Instrument,Entertainment,"Proin ut imperdiet leo, commodo ultricies velit",127.95,1,651
Makeup Machine,Beauty,In condimentum viverra congue,83.99,0,652
Computer Component,Electronics,Sed a tortor sit amet magna mollis porttitor non eget mauris,24,6,653
Makeup Contraption,Beauty,Donec pellentesque magna sed elementum hendrerit,13,8,654
Biking Tool,Activity,"In vitae justo aliquam, molestie dui eu, varius odio",196,0,655
Toy Gadget,Entertainment,Donec eu cursus turpis,81,1,656
Toy Machine,Entertainment,"Aliquam laoreet leo quam, eu tincidunt dolor consectetur sed",51.95,3,657
Fitness Equipment,Activity,Nulla id mi quis lorem malesuada gravida.,113,1,658
Biking Paraphernalia,Activity,"Integer viverra commodo dui, eu tristique odio efficitur vehicula",172.99,4,659
Toy Contraption,Entertainment,Suspendisse potenti,171.99,1,660
Bedding Machine,Home,"Sed non varius nunc, at gravida est",73.95,2,661
Dining Rig,Home,"Fusce elit mi, tincidunt quis nisl commodo, ultrices ornare sem",117.95,8,662
Camera Rig,Electronics,Ut consequat dolor vel lorem eleifend pulvinar,43.99,2,663
Mens Kit,Clothing,Nam maximus dapibus lacus ut ultricies,174.95,2,664
Swimming Gizmo,Activity,Phasellus mattis justo non metus vulputate vehicula,52.95,4,665
Cat Instrument,Pets,Pellentesque dictum ante ac quam lobortis placerat,44.99,5,666
Car Whatchamacallit,Automotive,"Ut semper velit ut elit ullamcorper, ac vulputate libero rutrum",159,2,667
Engine Tool,Automotive,"Quisque nibh odio, posuere sed molestie eu, mollis nec velit",183,6,668
Jewelry Doodad,Clothing,Fusce posuere at libero quis consequat,103,5,669
Camera Gadget,Electronics,Curabitur tempus sed mi eget pretium,117.95,5,670
Book Kit,Entertainment,"In tempor tortor sit amet leo sollicitudin, ultrices commodo turpis posuere",73.95,8,671
Gardening Component,Home,Etiam nec malesuada tellus,116.99,0,672
Car Thingamajig,Automotive,"Pellentesque dictum neque purus, non cursus enim venenatis vitae",179.95,8,673
Truck Implement,Automotive,"Nunc ligula mi, scelerisque vitae lobortis vitae, blandit a dolor",94.99,4,674
Toy Instrument,Entertainment,"Proin sem ante, dignissim eget urna sit amet, pharetra aliquet odio",162.95,2,675
Camera Machine,Electronics,Nulla in tellus augue,52.95,3,676
Camping Implement,Activity,"Praesent aliquam tellus lobortis arcu rutrum, ac tincidunt arcu egestas",124,1,677
Swimming Equipment,Activity,Fusce convallis consequat sodales,148,5,678
Camera Doodad,Electronics,Donec sed enim nulla,15.99,8,679
Aquarium Implement,Pets,Pellentesque dictum ante vitae tempor sodales,121.95,6,680
Jewelry Gear,Clothing,"Phasellus blandit vestibulum elit, vitae tincidunt dui maximus nec",41,2,681
Truck Doodad,Automotive,Integer eget placerat erat,39.95,7,682
Hair Care Mechanism,Beauty,"Curabitur nunc arcu, rutrum eget mattis id, semper in mi",102.99,7,683
Car Kit,Automotive,Duis sagittis ultrices orci vitae feugiat,199,9,684
Swimming Instrument,Activity,Etiam ac tempus felis,45.99,2,685
Bedding Rig,Home,Pellentesque ac risus consequat orci congue malesuada in nec mi,108.99,1,686
Party Paraphernalia,Entertainment,Nullam venenatis auctor magna quis cursus,24.99,9,687
First Aid Tool,Health,Vestibulum eleifend egestas enim ut condimentum,101,5,688
Home Improvement Kit,Home,"Praesent justo leo, eleifend a molestie vestibulum, bibendum sit amet leo",15.99,6,689
Cooking Supplies,Home,Integer eget placerat erat,141.95,7,690
Outdoors Gadget,Activity,Duis sagittis ultrices orci vitae feugiat,141.95,1,691
Fitness Component,Activity,Nunc vel dignissim mauris,139,2,692
Mens Gadget,Clothing,"Curabitur vulputate quam sit amet orci semper, vel efficitur ipsum tempor",173.99,0,693
Phone Attachment,Electronics,"Etiam nisl mauris, feugiat malesuada mi sed, vestibulum commodo lectus",73,8,694
Dining Rig,Home,Donec ut purus lacus,66.95,1,695
Camping Machine,Activity,Donec ultrices in felis in tincidunt,75.95,4,696
Book Doodad,Entertainment,Praesent nec euismod ex,82.99,7,697
Medicine Component,Health,Nullam vitae purus a justo venenatis euismod,133,8,698
Music Gizmo,Entertainment,Donec pellentesque magna sed elementum hendrerit,94.99,1,699
Toy Instrument,Entertainment,"Praesent scelerisque nisl enim, a sodales elit aliquet ac",17.95,8,700
Medicine Implement,Health,"Donec purus arcu, convallis eget eros dapibus, euismod malesuada diam",160,4,701
Fitness Gadget,Activity,Nulla varius placerat auctor,102.95,9,702
Furniture Machine,Home,Fusce sollicitudin maximus ante sed semper,55.99,8,703
Truck Equipment,Automotive,"Phasellus feugiat diam enim, nec molestie urna porta vitae",20.95,4,704
Medicine Component,Health,Nullam sit amet efficitur nunc,38.99,1,705
Kitchen Mechanism,Home,"Suspendisse facilisis, magna quis laoreet interdum, ligula elit porta augue, nec malesuada eros sapien eu nisl",49,0,706
Car Apparatus,Automotive,"In ullamcorper augue massa, tincidunt interdum mauris pulvinar non",66,3,707
Engine Doodad,Automotive,"Nullam cursus consectetur odio, eget convallis ante semper id",123.99,1,708
Movie Widget,Entertainment,"Integer vel commodo massa, eget imperdiet sapien",57.99,8,709
Aquarium Attachment,Pets,Proin sodales sem vel leo facilisis euismod,161.99,6,710
Storage Apparatus,Home,Donec pellentesque magna sed elementum hendrerit,188,6,711
Mens Tool,Clothing,Mauris ornare convallis sem in dictum,162.95,2,712
Medicine Equipment,Health,Vivamus eu lacus magna,120,4,713
Womens Equipment,Clothing,"Etiam pretium erat non elit tempor, quis pretium nisi condimentum",170.99,4,714
Engine Gear,Automotive,Sed interdum et tortor ut laoreet,62.99,7,715
Bedding Gear,Home,Nam id iaculis erat,112.99,7,716
Fitness Machine,Activity,"In cursus lacus quis sem euismod, eu ultrices diam aliquam",110.99,5,717
Beach Doodad,Activity,"Integer sagittis congue diam, eget volutpat lacus luctus sit amet",183,0,718
Bedding Gizmo,Home,"Etiam ac libero lacinia, maximus arcu id, maximus diam",194,4,719
Womens Kit,Clothing,Cras pharetra libero a tempor tincidunt,142.95,1,720
Kids Whatchamacallit,Clothing,Integer vitae ipsum sed erat tincidunt euismod in a odio,190.95,5,721
Kids Doodad,Clothing,Donec lobortis lorem eget est sodales gravida,26.99,6,722
Bath Contraption,Beauty,"Phasellus feugiat tristique est, vitae laoreet libero maximus quis",163.95,1,723
Kids Doodad,Clothing,Curabitur nec nibh metus,198,7,724
Music Equipment,Entertainment,Morbi dapibus imperdiet elit at blandit,199.99,7,725
Sports Tool,Activity,Fusce quis dui sed ligula viverra tempus in ac orci,88.95,2,726
Bath Equipment,Beauty,Phasellus quis leo vitae sem commodo tempus a at odio,142.99,5,727
Furniture Instrument,Home,Vivamus venenatis tempus nulla,189,0,728
Beach Equipment,Activity,Donec tempor tempus consectetur,103.99,0,729
Medicine Whatchamacallit,Health,Nulla non nibh ante,30.99,3,730
Fitness Component,Activity,"Quisque nibh odio, posuere sed molestie eu, mollis nec velit",102.99,4,731
Car Instrument,Automotive,In condimentum viverra congue,168,7,732
Medicine Attachment,Health,Donec et odio ac leo elementum lacinia,117.95,8,733
Cooking Device,Home,"Donec sagittis auctor nisi, id bibendum neque ultrices eget",44,5,734
Cooking Gear,Home,Sed mollis imperdiet metus vel malesuada,145.99,2,735
Bedding Paraphernalia,Home,"Integer tellus nisi, auctor ut sapien id, eleifend ultricies nisl",90,5,736
Technology Contraption,Electronics,Pellentesque ut volutpat augue,33,4,737
Mens Paraphernalia,Clothing,"Donec fringilla erat a neque dignissim, sit amet pharetra odio pulvinar",104,9,738
Bedding Accessory,Home,Morbi eget mi ex,140.95,9,739
Aquarium Paraphernalia,Pets,Integer egestas eu odio at porta,143,2,740
Truck Implement,Automotive,"Sed congue vehicula lectus, sed iaculis felis rhoncus sit amet",49.95,0,741
Camera Mechanism,Electronics,Etiam ut purus nunc,164.95,3,742
Fitness Apparatus,Activity,In id tortor lectus,57,8,743
Outdoors Doodad,Activity,"Quisque varius semper orci, sit amet auctor metus venenatis sed",14,4,744
Truck Rig,Automotive,"Pellentesque sollicitudin urna sapien, sed viverra libero aliquet a",61.95,7,745
Baby Equipment,Clothing,"Lorem ipsum dolor sit amet, consectetur adipiscing elit",98.95,8,746
Storage Implement,Home,"Morbi velit augue, consequat sed tortor vel, tincidunt luctus metus",198,2,747
Book Gadget,Entertainment,"Ut mollis ligula quis nisi venenatis, eget venenatis tellus ultricies",95.99,8,748
Phone Thingamajig,Electronics,"Quisque arcu risus, laoreet dictum massa nec, aliquam hendrerit dui",25,7,749
Skin Care Whatchamacallit,Beauty,Nulla et viverra felis,70,4,750
Skin Care Contraption,Beauty,"Aliquam egestas ipsum mauris, et commodo dui consectetur quis",141.95,4,751
Camera Apparatus,Electronics,"Aenean erat tortor, vehicula vitae mattis non, elementum vel urna",155.95,3,752
Party Mechanism,Entertainment,"Nunc erat justo, bibendum id iaculis nec, rhoncus nec urna",140.99,1,753
Truck Mechanism,Automotive,"Ut semper velit ut elit ullamcorper, ac vulputate libero rutrum",15.95,1,754
Womens Attachment,Clothing,"Vivamus sapien lacus, mollis vel urna non, finibus finibus ligula.",124,6,755
Outdoors Gear,Activity,Ut cursus vehicula fringilla,48.99,9,756
Fitness Gear,Activity,Maecenas ac enim lectus,42,7,757
First Aid Mechanism,Health,"Curabitur tincidunt placerat ante, ac venenatis tellus ullamcorper cursus.",112.99,5,758
Music Contraption,Entertainment,Duis id enim sed lectus pellentesque lobortis in sit amet magna,119.95,7,759
Movie Component,Entertainment,"In purus augue, vehicula at suscipit non, hendrerit sit amet lectus",196,8,760
Bath Attachment,Beauty,"Donec nulla urna, maximus ut tellus in, accumsan mollis sem.",81.99,9,761
Nutrition Machine,Health,Donec a tincidunt dolor,19,7,762
Sports Paraphernalia,Activity,Nam a eleifend tortor,116.95,8,763
Personal Paraphernalia,Beauty,"Sed sollicitudin, sem non efficitur dictum, dui sapien sagittis neque, a rutrum turpis est eget neque",185.99,5,764
Technology Mechanism,Electronics,Proin commodo varius lorem nec venenatis,106.99,7,765
Car Accessory,Automotive,"Phasellus vehicula est ex, elementum consequat dui ornare non",17.95,2,766
Nutrition Thingamajig,Health,Maecenas sed justo ipsum.,117.95,9,767
Technology Item,Electronics,Integer aliquet faucibus pulvinar,34,1,768
Mens Apparatus,Clothing,Vestibulum porta egestas vulputate,160.95,5,769
Outdoors Doodad,Activity,Nunc tempus est et purus hendrerit semper vel et mauris,19.99,4,770
Party Tool,Entertainment,Integer pharetra massa at aliquet vestibulum,184.99,2,771
Aquarium Gizmo,Pets,Nam fringilla aliquet tellus ac pretium,17.99,4,772
Engine Kit,Automotive,"Suspendisse in purus semper, suscipit urna nec, tempus lorem",102,9,773
Truck Kit,Automotive,"Lorem ipsum dolor sit amet, consectetur adipiscing elit",29,5,774
Personal Equipment,Beauty,Ut cursus vehicula fringilla,45,3,775
Computer Instrument,Electronics,"Ut non hendrerit velit, nec mattis dolor",42.95,1,776
Outdoors Equipment,Activity,"Cras suscipit erat sapien, id elementum erat porta eget",183.99,7,777
Biking Mechanism,Activity,"Proin auctor ultrices erat, id blandit arcu maximus vitae",112.99,9,778
Camping Tool,Activity,Maecenas pharetra id dui eu semper,88,3,779
Womens Kit,Clothing,"Orci varius natoque penatibus et magnis dis parturient montes, nascetur ridiculus mus",144,0,780
Dining Implement,Home,"Vivamus justo nulla, tempus et magna et, cursus scelerisque turpis",13,3,781
Mens Whatchamacallit,Clothing,"Cras suscipit erat sapien, id elementum erat porta eget",190,4,782
Skin Care Implement,Beauty,"Nunc ut purus vestibulum, tincidunt nunc in, congue ante",151.99,1,783
Womens Implement,Clothing,"Fusce eget purus suscipit, sagittis lacus sed, posuere mauris",137.95,6,784
Cleaning Mechanism,Home,Phasellus eget lectus eleifend nulla fermentum iaculis eget sed est,11.99,1,785
Personal Accessory,Beauty,Nam rutrum enim sit amet varius interdum,132.95,6,786
Jewelry Apparatus,Clothing,"Morbi nulla massa, accumsan ut congue tempus, aliquam sit amet libero",142,0,787
Phone Rig,Electronics,"Nam sit amet ornare sapien, eleifend fermentum augue.",161.99,5,788
Bath Device,Beauty,Suspendisse potenti,159,6,789
Jewelry Attachment,Clothing,"Donec lacus sapien, mollis nec consequat at, sodales sit amet orci",147,8,790
Womens Gizmo,Clothing,Nunc viverra fringilla purus nec pellentesque,95.95,0,791
Cat Doodad,Pets,"Suspendisse a leo porta, bibendum justo ut, gravida ex",192.99,0,792
Baby Component,Clothing,"Curabitur egestas molestie tortor, vitae maximus velit auctor in",135.95,5,793
Kids Widget,Clothing,"Orci varius natoque penatibus et magnis dis parturient montes, nascetur ridiculus mus",98,0,794
Womens Equipment,Clothing,"Aliquam venenatis nunc justo, at dignissim arcu bibendum non",37.99,6,795
Engine Gear,Automotive,Vestibulum sagittis dolor nec sodales rutrum,84,6,796
Cleaning Supplies,Home,"Ut sed tincidunt nibh, non cursus nunc.",190,6,797
Computer Gizmo,Electronics,Suspendisse nec ex justo,113,0,798
Biking Attachment,Activity,Morbi vel consequat lacus,24,7,799
Phone Thingamajig,Electronics,Donec nec purus et massa hendrerit finibus,177.95,6,800
Kids Device,Clothing,Curabitur iaculis vitae erat in eleifend.,94.99,2,801
Beach Supplies,Activity,Fusce efficitur metus ut orci ullamcorper suscipit,180.99,0,802
Medicine Mechanism,Health,Nam a imperdiet augue,113.99,3,803
Party Mechanism,Entertainment,Integer accumsan rutrum risus vel dictum,15.99,6,804
Tire Paraphernalia,Automotive,Curabitur ullamcorper orci a eros ultrices vestibulum,122.95,6,805
Home Improvement Instrument,Home,"Etiam nisl mauris, feugiat malesuada mi sed, vestibulum commodo lectus",84,3,806
Book Device,Entertainment,Praesent in dui mi,139.95,6,807
Mens Tool,Clothing,"Donec blandit eros quis nunc facilisis, eu vestibulum nulla eleifend",62.99,6,808
Cooking Tool,Home,Donec venenatis tincidunt eros nec volutpat,45.95,0,809
Car Gear,Automotive,Sed vel metus turpis,82.99,9,810
Bath Supplies,Beauty,Vestibulum venenatis pellentesque augue in dictum.,196,7,811
Vitamin Gear,Health,Donec sed augue lectus.,21.99,0,812
Sports Gizmo,Activity,"Cras sed arcu tempus, facilisis nisl vitae, convallis sem",99.95,1,813
Outdoors Gizmo,Activity,Cras pharetra iaculis urna porttitor vestibulum,18.95,3,814
Camping Gear,Activity,Nam fringilla aliquet tellus ac pretium,28,7,815
Medicine Rig,Health,"Praesent tempus porttitor ante, ut efficitur diam mollis vel",28.99,7,816
Sports Paraphernalia,Activity,Aenean vitae velit augue,128.95,5,817
Sports Supplies,Activity,Suspendisse ornare quis odio eget suscipit,112,3,818
Cleaning Apparatus,Home,Fusce feugiat vel tortor eget vulputate,121.99,5,819
Camping Component,Activity,Suspendisse potenti,127,1,820
Furniture Gizmo,Home,Vivamus iaculis urna non enim maximus condimentum,113,4,821
Tire Instrument,Automotive,"Aenean ultricies nisl mauris, ac gravida dolor tempus et",48.95,0,822
Nutrition Attachment,Health,Integer pellentesque fringilla libero quis cursus,106,4,823
Nutrition Machine,Health,"Donec fringilla erat a neque dignissim, sit amet pharetra odio pulvinar",143.99,9,824
Womens Implement,Clothing,Fusce at arcu non orci hendrerit tincidunt,98.99,7,825
Phone Apparatus,Electronics,"Sed finibus dolor at mauris rhoncus, et ornare est venenatis",140,4,826
Nutrition Device,Health,Donec eu lorem lectus,196.99,5,827
Nutrition Instrument,Health,Ut rhoncus malesuada eleifend,165.99,4,828
Biking Rig,Activity,Donec pellentesque magna sed elementum hendrerit,160.99,0,829
Bath Kit,Beauty,"Phasellus blandit vestibulum elit, vitae tincidunt dui maximus nec",35.99,4,830
Cleaning Gizmo,Home,Praesent dictum ac dui a efficitur,40.99,9,831
Home Improvement Paraphernalia,Home,"Proin vulputate pulvinar quam, aliquet iaculis eros pellentesque ac",130.95,7,832
Book Paraphernalia,Entertainment,Vivamus iaculis urna non enim maximus condimentum,45.99,1,833
Truck Equipment,Automotive,Phasellus a malesuada nisl.,18.95,5,834
Cooking Widget,Home,"Nullam et malesuada justo, ac scelerisque libero",43,5,835
Dining Gadget,Home,Cras dignissim molestie sodales,23.99,7,836
Truck Equipment,Automotive,Nulla non tempus turpis,40.99,3,837
Home Improvement Doodad,Home,"Mauris tortor augue, commodo sit amet ipsum ac, porttitor aliquet augue",126.95,7,838
Hair Care Thingamajig,Beauty,Sed viverra ullamcorper volutpat.,116.99,7,839
Biking Instrument,Activity,Nulla ac libero felis,14.99,9,840
Car Mechanism,Automotive,Sed lacinia maximus lacinia,72.95,8,841
Gardening Equipment,Home,Donec varius augue ut tellus porta interdum sit amet in diam,57.99,8,842
Cleaning Supplies,Home,"Cras commodo lacus erat, gravida congue ipsum condimentum nec",164.95,8,843
Gardening Implement,Home,"Suspendisse elementum magna mauris, vitae vestibulum orci porttitor quis",96,6,844
First Aid Gear,Health,Pellentesque dictum ante ac quam lobortis placerat,87.95,3,845
Vitamin Supplies,Health,Cras pharetra libero a tempor tincidunt,17.95,0,846
Biking Tool,Activity,"Suspendisse condimentum velit non purus varius, auctor maximus est aliquam",188.95,0,847
Music Doodad,Entertainment,Fusce et faucibus ipsum,77,1,848
Vitamin Gear,Health,"Etiam purus leo, consequat ut congue a, posuere eu quam",90.99,7,849
Party Component,Entertainment,Sed ultrices nunc enim,178.95,2,850
Phone Gear,Electronics,Maecenas sit amet leo a magna aliquam suscipit id ut dolor,76.95,1,851
Dog Apparatus,Pets,"Vivamus interdum bibendum sapien, quis aliquam diam ultricies nec",163.95,7,852
Womens Gadget,Clothing,Vestibulum ut aliquam orci,130.95,2,853
Beach Mechanism,Activity,Donec venenatis tincidunt eros nec volutpat,102.99,7,854
Kids Apparatus,Clothing,"Quisque odio ante, faucibus id sem a, vehicula elementum magna",30.99,9,855
Truck Accessory,Automotive,"Aliquam imperdiet auctor nisl, vel malesuada magna malesuada quis",28.99,8,856
Technology Contraption,Electronics,"Integer ligula leo, blandit ut lorem tempus, eleifend convallis odio",82.99,0,857
Nutrition Implement,Health,Phasellus eget fringilla justo,188.95,7,858
Dining Tool,Home,Curabitur at arcu quis est feugiat mollis,86,8,859
Camping Attachment,Activity,"Nam sit amet ornare sapien, eleifend fermentum augue.",118.99,7,860
Biking Thingamajig,Activity,"Aliquam sagittis ornare neque, sed fermentum nisi cursus ut",158.95,3,861
Book Machine,Entertainment,Nunc sit amet consectetur tortor,181.99,8,862
Book Paraphernalia,Entertainment,"Mauris auctor elementum nibh, ac vehicula leo pellentesque quis",191.95,0,863
Music Gear,Entertainment,"Fusce rutrum erat mattis sem molestie, eget lobortis neque dapibus",128.99,7,864
Nutrition Gadget,Health,Sed et diam volutpat nisi aliquet tempor,89,0,865
Dog Device,Pets,Integer ut tellus leo,69,8,866
Storage Gadget,Home,Aliquam malesuada commodo laoreet,46.99,0,867
Movie Gadget,Entertainment,"Nam tincidunt dui massa, et lacinia arcu cursus a",92.95,1,868
Aquarium Widget,Pets,"Fusce orci justo, elementum vel mi sit amet, ultrices tempor eros",141,5,869
Cat Gear,Pets,"Ut non metus maximus, suscipit metus et, mattis dui",140.95,4,870
Kitchen Contraption,Home,"Ut venenatis, tortor a commodo tincidunt, metus urna finibus lorem, ut pulvinar diam risus quis sapien",171.99,3,871
Game Thingamajig,Entertainment,Vestibulum blandit mi quis leo euismod faucibus,42.95,4,872
Beach Thingamajig,Activity,"In rhoncus ante at lacus maximus, at gravida velit viverra",169.99,6,873
Tire Thingamajig,Automotive,Donec vitae risus vel lacus eleifend scelerisque.,130.99,4,874
Nutrition Doodad,Health,Nam ac magna id erat placerat hendrerit.,174.95,2,875
Cleaning Machine,Home,Nam varius magna et dolor tristique pretium,21.95,5,876
Camera Item,Electronics,"Quisque scelerisque venenatis velit, eu porttitor felis mattis non",146,9,877
Sports Contraption,Activity,Integer quis neque et lacus imperdiet mattis eget ac lacus,83.95,4,878
Vitamin Mechanism,Health,Morbi vitae neque vitae risus viverra elementum non et tellus,61.99,4,879
Party Gear,Entertainment,In non malesuada tortor,48.99,9,880
Kids Gizmo,Clothing,"Praesent sagittis sollicitudin erat, ac egestas orci posuere non",36.99,7,881
Dog Thingamajig,Pets,Integer et metus in diam semper mollis eu quis eros,133.99,8,882
Fitness Apparatus,Activity,Suspendisse dignissim tincidunt odio sed tempus,56.99,0,883
Truck Machine,Automotive,Aliquam porttitor egestas viverra,37,0,884
Storage Machine,Home,Nam eget aliquet magna,63,2,885
Kids Widget,Clothing,"Vivamus fringilla dui quis mi iaculis, eget sodales arcu vulputate",151.95,7,886
Furniture Widget,Home,"Pellentesque gravida, quam quis consequat consequat, erat elit faucibus nulla, vel condimentum est nulla ac ligula",116.99,6,887
Womens Instrument,Clothing,"In tempor tortor sit amet leo sollicitudin, ultrices commodo turpis posuere",58,2,888
Makeup Whatchamacallit,Beauty,"Nunc congue metus in nisi consequat, at elementum tellus laoreet",133,6,889
Toy Instrument,Entertainment,Suspendisse potenti,137,5,890
Engine Gadget,Automotive,"Etiam nisl eros, elementum ac tempor in, porta a odio",15.95,2,891
Dog Component,Pets,"Curabitur porta vulputate dui, ut ultrices tortor ultricies eget",51.95,6,892
Cat Mechanism,Pets,Pellentesque bibendum et dui non efficitur,169.99,8,893
Cat Paraphernalia,Pets,"Orci varius natoque penatibus et magnis dis parturient montes, nascetur ridiculus mus.",53.95,6,894
Home Improvement Contraption,Home,"Nam facilisis, turpis sed finibus venenatis, sem dolor cursus libero, id hendrerit eros enim ut eros",93.99,3,895
Mens Tool,Clothing,"Nullam quis sem placerat, dictum massa sit amet, rhoncus dolor",15.95,0,896
Kids Paraphernalia,Clothing,"Mauris ipsum dui, tempor sit amet ligula vel, sollicitudin malesuada est",140.95,1,897
Cleaning Widget,Home,"Orci varius natoque penatibus et magnis dis parturient montes, nascetur ridiculus mus.",150.95,1,898
Car Implement,Automotive,"Vivamus venenatis dapibus sem, sit amet placerat tortor blandit eget",119,0,899
Computer Component,Electronics,Sed volutpat facilisis turpis nec imperdiet,106.95,0,900
Storage Apparatus,Home,Nullam aliquam rutrum purus,118,1,901
Baby Thingamajig,Clothing,Proin id dolor dolor,15,8,902
Baby Supplies,Clothing,"Morbi malesuada tellus sed felis euismod, id fringilla arcu posuere",181.99,9,903
Fitness Whatchamacallit,Activity,"Nulla orci mi, dapibus vel tempor vulputate, luctus at quam",75.99,0,904
Aquarium Instrument,Pets,Donec sit amet rutrum lacus,65,3,905
Computer Kit,Electronics,"Nam venenatis metus nibh, malesuada vestibulum purus consectetur eu",32.95,3,906
Makeup Supplies,Beauty,"Suspendisse eu nunc consequat, tincidunt diam eget, ornare diam",65,4,907
Engine Item,Automotive,"Aliquam sollicitudin, ante vel varius finibus, urna velit sagittis enim, id auctor dui ligula in urna",29.99,2,908
Medicine Kit,Health,Aenean vehicula sem ut tortor iaculis dignissim,155.95,0,909
Storage Kit,Home,Phasellus quis leo vitae sem commodo tempus a at odio,163,1,910
Cooking Rig,Home,"Donec maximus, dui malesuada auctor suscipit, mauris felis bibendum dui, pellentesque tempor elit risus in odio",67.99,4,911
Dining Paraphernalia,Home,Donec et odio ac leo elementum lacinia,187.95,6,912
Medicine Equipment,Health,"Mauris orci ex, convallis efficitur dapibus id, viverra ac nibh.",103.99,1,913
Jewelry Mechanism,Clothing,Pellentesque sit amet blandit justo,182.95,9,914
Dog Paraphernalia,Pets,Etiam malesuada et enim nec gravida,57,0,915
Medicine Component,Health,Mauris nec molestie tortor,165.99,2,916
Car Paraphernalia,Automotive,Aliquam imperdiet bibendum nisi vitae condimentum,138.99,7,917
Cooking Machine,Home,"Sed volutpat porttitor arcu, ac condimentum ligula",133.95,8,918
Medicine Rig,Health,Sed suscipit et mi nec lobortis,103.99,6,919
Kitchen Apparatus,Home,Morbi imperdiet dui vestibulum dolor tincidunt mattis ac ut diam,179.95,0,920
Home Improvement Device,Home,Donec feugiat tellus in odio volutpat commodo,184.95,9,921
Computer Implement,Electronics,Sed id convallis tellus,17.95,3,922
Music Item,Entertainment,Phasellus a augue lacus,59,8,923
Jewelry Apparatus,Clothing,Aenean sagittis arcu in justo euismod posuere,158,5,924
Baby Tool,Clothing,Nunc faucibus nec diam mattis semper,73.95,7,925
Gardening Equipment,Home,Proin sed scelerisque neque,16,3,926
Dog Instrument,Pets,Quisque et tortor in justo venenatis facilisis a ac quam,59.95,5,927
Mens Machine,Clothing,"Aliquam porta egestas sapien, nec scelerisque felis semper vitae",154.95,5,928
Gardening Component,Home,"Etiam ac libero lacinia, maximus arcu id, maximus diam",50.99,4,929
Home Improvement Device,Home,Sed at lorem vitae turpis faucibus sollicitudin,188,9,930
Cooking Machine,Home,"Class aptent taciti sociosqu ad litora torquent per conubia nostra, per inceptos himenaeos",168,1,931
Sports Thingamajig,Activity,Maecenas condimentum eros eget vestibulum aliquam,83.95,3,932
Tire Widget,Automotive,Vestibulum sed est a sapien porttitor venenatis,160.99,4,933
Dining Device,Home,"Curabitur vitae dictum nibh, non accumsan turpis",198.99,6,934
Swimming Rig,Activity,"Mauris tortor augue, commodo sit amet ipsum ac, porttitor aliquet augue",165.99,9,935
Baby Implement,Clothing,Pellentesque ut volutpat augue,28.95,6,936
Mens Kit,Clothing,Fusce convallis consequat sodales,199.99,9,937
Fitness Kit,Activity,"Suspendisse cursus diam nulla, eu pellentesque ipsum viverra at",151,9,938
Camping Kit,Activity,"Suspendisse eget facilisis nibh, nec sollicitudin massa",153.99,9,939
Tire Doodad,Automotive,"Proin ultrices velit ut arcu cursus, quis consectetur tellus finibus",137.95,1,940
Movie Apparatus,Entertainment,"Proin vulputate pulvinar quam, aliquet iaculis eros pellentesque ac",187.95,9,941
Computer Item,Electronics,Pellentesque dictum ante ac quam lobortis placerat,100.95,7,942
Cooking Kit,Home,"In ullamcorper augue massa, tincidunt interdum mauris pulvinar non",62,6,943
Dog Gizmo,Pets,Praesent vitae maximus quam,82.95,4,944
Baby Doodad,Clothing,"Aliquam rutrum est est, vitae semper nisi sodales vitae",173.95,4,945
Gardening Item,Home,"Aliquam egestas ipsum mauris, et commodo dui consectetur quis",95.95,8,946
Game Apparatus,Entertainment,"Class aptent taciti sociosqu ad litora torquent per conubia nostra, per inceptos himenaeos",172.95,3,947
Skin Care Component,Beauty,"Etiam massa massa, blandit non vehicula sit amet, tincidunt sed lectus",134.99,8,948
Storage Paraphernalia,Home,Mauris eu malesuada elit,25,1,949
Music Widget,Entertainment,"Sed sit amet leo posuere, tincidunt augue et, eleifend justo",75.99,9,950
First Aid Device,Health,"In bibendum, nisl nec aliquet blandit, neque nulla semper enim, ac mattis ligula ante ac tellus",66.99,9,951
Toy Paraphernalia,Entertainment,"Quisque in dapibus felis, sit amet cursus nulla",159.95,9,952
Computer Doodad,Electronics,"Integer lacinia, lacus sed accumsan tristique, nibh orci posuere turpis, nec placerat mauris tellus ac mi",135.95,3,953
Mens Tool,Clothing,Morbi interdum lobortis lacus id ullamcorper,149.99,5,954
Book Paraphernalia,Entertainment,Vivamus dignissim in purus a eleifend,172.99,3,955
Gardening Contraption,Home,Nunc pretium elit non felis placerat placerat,42.99,5,956
Fitness Attachment,Activity,Vivamus suscipit dolor in nisi dapibus fermentum,118.99,6,957
Bedding Gizmo,Home,"Suspendisse libero risus, vulputate vitae ultricies nec, placerat ac tortor",125.95,6,958
First Aid Attachment,Health,Sed bibendum egestas lacinia.,84.95,4,959
Mens Kit,Clothing,Pellentesque porttitor venenatis orci sit amet blandit,122.99,4,960
Swimming Contraption,Activity,Suspendisse nec risus non felis sollicitudin consectetur,159.99,0,961
Phone Contraption,Electronics,Donec dictum est nec auctor condimentum,134,2,962
Furniture Doodad,Home,"Nam suscipit felis nunc, in pharetra nibh consectetur in",160.99,5,963
Camping Device,Activity,"Sed non fermentum erat, et venenatis ipsum",166.99,2,964
Medicine Component,Health,Nulla elementum hendrerit commodo,192.95,5,965
Nutrition Mechanism,Health,"Maecenas vulputate libero eget quam dictum, ac pellentesque enim commodo",11.95,9,966
Bath Mechanism,Beauty,Sed sed justo odio,96,7,967
Computer Accessory,Electronics,Nam vehicula metus et luctus consequat,102,5,968
Engine Equipment,Automotive,Nulla convallis egestas finibus,191.95,6,969
Dining Accessory,Home,"Class aptent taciti sociosqu ad litora torquent per conubia nostra, per inceptos himenaeos",140,1,970
Nutrition Tool,Health,Fusce at arcu non orci hendrerit tincidunt,120.99,5,971
Storage Item,Home,Aliquam malesuada commodo laoreet,160.99,7,972
First Aid Accessory,Health,"In ultrices tempus nibh, rutrum dictum quam faucibus quis",29,9,973
Engine Mechanism,Automotive,Nulla vitae odio urna,36.95,2,974
Medicine Widget,Health,Fusce quis dui sed ligula viverra tempus in ac orci,73.95,8,975
Camera Tool,Electronics,Aliquam erat volutpat,86.95,2,976
Mens Attachment,Clothing,Nam ac magna id erat placerat hendrerit.,18.95,6,977
Technology Whatchamacallit,Electronics,Praesent ut ligula elit,28,8,978
Hair Care Paraphernalia,Beauty,Duis fermentum vestibulum elit aliquet pharetra,67,2,979
Outdoors Gear,Activity,Pellentesque sit amet blandit justo,184,9,980
Toy Supplies,Entertainment,"Suspendisse facilisis, magna quis laoreet interdum, ligula elit porta augue, nec malesuada eros sapien eu nisl",102.95,0,981
Bath Rig,Beauty,Donec auctor id lorem et condimentum,157.99,7,982
Swimming Paraphernalia,Activity,Etiam non mi a sem pharetra varius.,168.99,4,983
Cleaning Gizmo,Home,Aliquam malesuada commodo laoreet,86.99,4,984
Gardening Component,Home,Nunc egestas elementum laoreet,75.99,7,985
Kids Rig,Clothing,"Aenean et purus faucibus, fermentum risus eget, posuere diam",13,0,986
Beach Paraphernalia,Activity,Nam vel sapien ipsum,29.99,2,987
Car Contraption,Automotive,"Integer sem mauris, viverra non ligula sagittis, consectetur pharetra tortor",167,6,988
Nutrition Device,Health,Aliquam quis euismod felis,118.99,3,989
Gardening Component,Home,Nulla cursus dignissim risus et vulputate,20.95,6,990
Camping Doodad,Activity,"Nulla libero odio, suscipit ut mattis non, tempor molestie diam",156.99,9,991
Camera Whatchamacallit,Electronics,Morbi rutrum lobortis eros,122,9,992
Kitchen Doodad,Home,Proin finibus risus ut dui vulputate malesuada,145.95,6,993
Vitamin Widget,Health,"Fusce at nunc lacinia, bibendum neque in, pharetra elit",43,5,994
Outdoors Component,Activity,"Cras commodo lacus erat, gravida congue ipsum condimentum nec",104,1,995
Home Improvement Tool,Home,Etiam at dolor eget dolor eleifend finibus quis sodales metus,117,0,996
Game Attachment,Entertainment,"Nulla sollicitudin enim in nibh venenatis, in cursus dui hendrerit",109.95,9,997
Hair Care Doodad,Beauty,Nulla non tempus turpis,48.99,1,998
Camera Tool,Electronics,"Vivamus interdum bibendum sapien, quis aliquam diam ultricies nec",142.95,5,999
Bath Implement,Beauty,Nam scelerisque eleifend lorem ut efficitur.,113,5,1000
